14837,3.11304202097693e-15
29928,0.0851229396921723
49782,1.0966788306589e-19
65145,6.4918278956497e-08
30806,0.000696864257887741
4029,1.17840873459938e-14
53816,2.06060562794493e-20
26799,0.000897857358096742
28373,0.96176151014197
22391,0.360332024026485
18160,0.18876627823002
6755,6.4918278956497e-08
16321,6.4918278956497e-08
27858,0.759101540165903
65170,6.4918278956497e-08
29510,1.22625356458218e-20
42781,8.31866108618596e-21
55533,9.51834657130657e-14
7942,1.30366622105025e-19
28397,0.000663400251893366
21543,0.000647691138174022
29647,4.01427075699721e-06
30800,6.4918278956497e-08
29696,0.0418220421451156
29908,0.0632326610093669
63140,5.77629324803017e-16
17597,0.000647691138174022
26838,0.00104140506246132
19048,0.000201001807983799
25870,0.998477742462011
4909,8.69286617063165e-21
29398,0.0398808504569024
30487,2.20869236398477e-10
29499,0.1062884172825
29871,0.0565380980732252
31999,0.000647691138174022
20730,0.000647691831814073
22305,0.923183682603059
29612,0.0610324925568799
27190,0.914318868794414
541,6.4918278956497e-08
45587,0.399626761396126
15832,9.85213015836369e-14
22611,3.47836782863862e-09
50249,8.70308590932422e-18
56455,3.4768327875881e-14
20756,0.000647708766016336
15899,9.67272636643143e-16
9653,3.13632013508519e-16
29776,0.0697195822764978
43374,1.04394895925608e-05
7938,1.37283750563878e-14
29514,0.0013263123982112
18245,0.399417207277593
23022,0.000647691138174022
29503,1.01388775600021e-05
4035,3.5706439999305e-14
59364,4.26251557660428e-15
24479,0.958841676566185
53814,5.24909671722448e-13
17622,0.000857245256706819
24467,0.000897857358096742
15250,5.1067266157687e-16
21001,2.4732819289098e-10
29557,0.0325293465603836
26070,0.000647691138174022
655,1.27765574232605e-15
63144,7.05310999064449e-15
31474,0.000696864257887741
6163,1.84592112737483e-14
29653,1.78618050282543e-05
29422,0.0597248199012718
23408,0.00104140506246132
26622,0.000848684238383022
22281,0.000647691138174022
25043,0.602092886367379
30771,0.741895877741242
28119,0.343126361601824
29875,0.0743567283160394
17532,0.000897857358096742
27070,0.000647691138174022
29577,0.03288546122252
24368,0.18876627823002
31582,0.000647691138174022
15829,4.38776279653805e-17
31417,0.000696864257887741
23438,0.000897857358096742
26808,0.000897857358096742
17568,0.000647691138174022
50310,1.41039490464337e-20
20800,4.07255698825718e-13
29620,0.0527447997523554
58018,1.06074170601861e-16
53937,2.28991359790436e-14
25031,0.913461623537707
26997,7.34521676336347e-08
21883,0.000647691138174022
22462,0.913461623537707
25973,0.000848684238383022
28869,0.000897857358096742
28120,0.000576192241510352
19250,0.000647691138174022
29788,2.5146146748638e-06
20519,0.913461623537707
18589,3.47836782863862e-09
30112,0.913461623537707
27172,0.00110741147662954
29810,3.13278103854618e-19
63141,1.94393905315307e-16
26694,0.000848684238383022
7934,5.2094832692125e-13
53813,2.04790831250327e-13
27273,0.000647766434163273
26758,0.000897857358096742
55979,3.34774247297423e-16
40826,3.47445455563212e-15
547,6.4918278956497e-08
23508,0.00105823835691582
30092,0.399417207277593
29943,0.0362629533277745
45629,0.188118587091846
17497,0.00104140506246132
29723,0.000443442140818876
40834,1.30962691413876e-19
9662,3.55962526052447e-14
29588,0.0605510708851916
25957,0.913461623537707
29443,0.0604976645237091
27501,0.913461623537707
26776,0.189016444449942
23490,0.00110748677261879
28193,0.962409201280144
40825,1.37673711642558e-14
18987,0.000647691138174022
23076,0.000647691138174022
27678,0.00105823835691582
23470,0.00110741147662954
29735,0.00023932368859118
15828,2.12890009754508e-13
6298,4.89668478455953e-16
64454,6.4918278956497e-08
18954,0.96176151014197
29465,0.0528159331089114
29764,0.0334272247485548
26641,0.913461623537707
29607,0.0778014472415129
32610,0.000897857358096742
17604,0.000897857358096742
53820,1.86829516280251e-15
14174,2.26514410183361e-21
27251,0.000848684238383022
27926,0.000647691138174022
20989,3.70617583862105e-10
29562,8.27623619026134e-05
24678,0.000647691138174022
19221,0.000647691138174022
3273,1.60035155450388e-13
9513,1.06653347028277e-14
26781,0.00110741147662954
54907,2.77642941115271e-14
56140,5.53475948450993e-15
20453,0.000647691138174022
58036,4.36875126210018e-15
18279,0.913461623537707
19252,0.000647691138174022
19208,0.914109314675881
18848,0.000647691138174022
29532,2.91010419580123e-05
22667,0.188319580192054
19165,0.000647691138174022
26654,0.000897857358096742
20849,7.19267629354089e-13
17094,0.000647691138174022
39382,1.04394895925608e-05
3201,1.78181266021268e-14
30696,0.188118587091846
32416,0.000647691138174022
35882,1.04394895925608e-05
30483,1.88709348806746e-17
36104,1.04394895925608e-05
14841,1.3313005559508e-15
15898,2.76455029493174e-16
29829,0.0869670497203339
60533,4.94760029885213e-21
29438,0.0403915945974194
12939,1.24978160370834e-15
22343,0.000647691138174022
28048,0.000647691138174022
23035,0.000647691138174022
26328,0.000897857358096742
653,2.60804872864493e-19
42165,3.11302931569391e-15
21534,0.000647691138174022
21570,0.000647691138174022
25856,0.000897857358096742
9591,7.13960585156588e-10
31537,0.000647691138174022
29796,0.0710375117763233
17547,0.96176151014197
22115,0.759950224404287
23056,0.000696864257887741
8204,1.61076516648994e-14
29527,0.0224572549480006
3339,1.46529967119061e-18
27372,0.000848684238383022
29740,9.19443370559363e-11
29828,0.0702708188426181
58040,5.80492644377552e-16
31437,0.000647691138174022
24653,0.000696864257887741
26924,0.000897857358096742
17555,0.000897857358096742
19041,0.00105823835691582
15735,1.9642164481572e-20
61316,1.44894298465659e-15
42787,7.43948045303281e-18
22294,1.04221756847951e-05
16117,1.09590916020639e-13
29688,0.000269172787996176
2207,1.11431575676744e-15
49965,6.62140235390061e-15
23412,0.000897857358096742
184,6.4918278956497e-08
31430,0.000848684238383022
49973,9.47788011211343e-15
26438,0.000897857358096742
8189,6.71727603320379e-21
17471,0.000897857358096742
29726,0.0617910331682425
38158,6.4918278956497e-08
9105,8.24515702336309e-15
17554,0.000897857358096742
29480,5.51423853681731e-05
53695,2.17916284608419e-14
9657,4.30824715512371e-15
29716,0.116844305751404
45630,0.00105823835691582
4903,6.73912786020207e-16
58644,1.20654470926971e-20
9920,3.70558008075892e-10
8373,5.15337764389396e-15
9680,3.78951014303242e-14
19067,0.99806719524327
23496,0.000897857358096742
24378,0.570982953074058
26662,0.000897857358096742
19195,0.000848684238383022
20500,0.000200993100209001
35709,7.10106853986863e-21
13965,1.71261343317868e-16
21551,0.913461623537707
40830,3.31879489154847e-21
26652,0.000897857358096742
14978,7.42917301315825e-16
17515,0.000848684238383022
20510,1.04394895925608e-05
15830,1.20665946748864e-14
542,6.4918278956497e-08
31728,0.18876627823002
29584,0.0234067881278064
29615,0.060568443637241
3173,4.76558727258368e-21
29699,0.0563488572305729
7056,4.21962573817067e-16
29424,0.0960174223304832
29482,7.843152971224e-20
175,6.4918278956497e-08
22098,4.20818709505275e-18
7841,3.07920287506078e-20
26690,0.000897857358096742
63129,5.79261574211384e-21
6260,4.1570549664656e-09
6054,1.61204478892706e-15
63985,9.39863723072195e-20
36501,2.81846086524375e-14
17537,0.000897857358096742
2053,7.83735656747831e-20
15740,1.89072754255608e-15
29486,0.0221101179414432
30130,0.962409201280144
29854,0.00943648901926906
28010,0.18876627823002
29632,1.08708138421098e-05
20465,0.000647691138174022
21527,0.00105831179281942
23463,0.000897857358096742
20753,0.199866783028724
30807,0.913461623537707
19240,0.000647691138174022
18202,0.949767308639007
17512,0.000897857358096742
50875,1.78653669487909e-15
7190,3.70461815714156e-20
4899,2.64084620047751e-20
21946,0.913461623537707
17475,0.000897857358096742
24957,0.000897857358096742
29732,0.00139908535724102
26616,0.00244002940303338
21525,0.000647691138174022
32458,0.000647691138174022
49966,2.20998550599161e-10
3526,1.98596839090049e-14
31595,0.18876627823002
24695,2.59780206292207e-05
2146,1.04198679695889e-05
29941,0.0411126019831561
25985,0.913461623537707
23443,0.000897857358096742
4369,3.01150064678356e-20
29741,2.48467452649833e-05
62662,3.23634996758425e-19
26775,0.00244002940303338
21628,0.000848684238383022
20965,4.78300942076402e-13
4041,4.72610464455432e-15
15901,3.17895098462349e-14
31597,0.000647691138174022
29938,2.91010419580123e-05
50295,1.8706439659633e-16
20456,0.96176151014197
24681,0.000696864257887741
29858,0.0462709540244601
63151,1.69793662521749e-15
26750,0.000658175924422567
22251,0.91431030777609
26636,0.000897857358096742
3172,5.53478231605442e-21
29531,0.0499230798784454
50312,3.7122746895964e-14
6297,1.94081879103048e-16
21798,0.744056803414752
9681,6.38526929492684e-18
58032,2.10535461044617e-15
31414,0.00494199189081724
29806,0.0552612907326837
19236,0.914109314675881
27122,0.188118587091846
8348,1.07996436450065e-14
19226,0.000647691138174022
17517,0.913461623537707
29690,7.65678430436675e-05
5055,1.04394895925608e-05
23471,0.000897857358096742
29769,1.79103977637848e-05
26790,0.000897857358096742
58804,1.83569037643372e-16
29686,0.0618211285122936
29808,0.0659986720591091
27427,0.00105823835691582
2559,1.35547526901837e-14
23451,0.000897857358096742
23446,0.00110741147662954
29847,4.30493319722749e-19
29832,0.0707165191321788
9675,1.02013344756981e-14
19724,4.94542255476721e-06
23007,0.00105823835691582
42080,5.42463341161325e-15
29825,0.0569884276242138
37208,3.28000063578e-16
26657,0.000897857358096742
26000,0.000647691138174022
32429,0.000647691138174022
51812,2.52561604101094e-16
30796,0.000647691138174022
24449,6.93780047546672e-15
38786,6.4918278956497e-08
29682,0.00124391921960692
7062,3.75489293770668e-17
29803,0.0237117112160444
20790,0.00064769183184927
8577,4.44206590806738e-15
29504,0.0549706339311699
26916,0.000897857358096742
29643,0.0221028821895922
29903,0.0552369696674488
29656,1.74334032569325e-05
37937,9.20547543322337e-10
23511,0.00110741147662954
27132,0.913461623537707
29460,0.00135731088834723
24951,0.199905848161908
30795,0.913461623537707
17718,0.398769516139419
4080,1.148511139417e-19
29774,0.0213212252997626
21436,0.000897857358096742
51214,6.91885100440611e-19
29471,0.0680562574084921
45737,0.998116368362984
58042,2.47636328659842e-19
29439,7.05454159756942e-06
29425,0.0570322484175852
62103,1.04198679695889e-05
31497,0.00110741147662954
63981,8.84593737829073e-20
32440,0.000647691138174022
22452,0.000857245256706819
26637,0.913461623537707
29850,0.00134422934735875
19197,0.000647691138174022
20202,6.4918278956497e-08
20728,0.000647691831814073
18294,0.949119617500833
27432,0.000647691138174022
29869,0.115137043119436
29492,0.0634405916693391
19009,0.00102289027947537
31407,0.399417207277593
52325,6.76111035219581e-15
9641,1.24963598382494e-14
58028,3.20764373807202e-10
28251,0.000647691138174022
26783,0.000897857358096742
20811,1.40979172059575e-16
29416,5.84821281033942e-05
27724,0.998276749361803
59583,6.46369517103234e-15
16685,6.4918278956497e-08
62048,3.0733096697931e-21
15883,1.46799946797649e-14
57159,6.4918278956497e-08
31550,0.000647691138174022
3789,1.56973560561132e-20
26706,0.914318868794414
64455,6.4918278956497e-08
27955,0.000410547218741798
29900,0.0506239051996077
11339,6.84525019235141e-19
45732,0.000647691138174022
54962,1.20897550923625e-14
29604,2.51461473918953e-06
17558,0.000897857358096742
3296,4.77607712026666e-20
32855,1.57114214345504e-05
22614,0.188118587091846
22505,0.000200993100209001
21764,0.913461623537707
26704,0.000897857358096742
55532,5.83544404803131e-15
29915,0.00121366940900302
65062,6.4918278956497e-08
45671,0.000647691138174022
53799,2.47329886396448e-10
62173,1.1086078075361e-15
7111,6.64322706054907e-15
27902,0.000897857358096742
20557,4.08180613967423e-15
23424,0.000897857358096742
28124,0.000647691138174022
21859,0.00105823835691582
55986,5.90007194223273e-15
65143,6.4918278956497e-08
30200,4.91731197137196e-05
49778,6.68752462233018e-16
63973,1.86870477192103e-19
42788,1.50871574414881e-15
30461,2.74281758654524e-15
29861,0.110705910418609
20787,0.000647691138174022
53208,9.31839450916462e-20
26709,0.913461623537707
29893,0.068709848933597
40314,1.04404101401041e-05
24990,0.000647691138174022
56977,6.4918278956497e-08
26670,0.00110741147662954
31540,0.00110741147662954
16843,6.4918278956497e-08
50745,2.20988142399363e-10
25897,0.000647691138174022
58019,4.38816176691601e-16
19175,0.000647691138174022
52324,2.31713380912096e-13
2519,2.99686291813086e-20
23510,0.00105828373275144
62611,4.41980482207998e-10
26852,1.57091137193442e-05
52323,1.45123573485708e-14
31492,0.000647691138174022
544,6.4918278956497e-08
23440,0.00110741147662954
55656,2.03340341767209e-15
29797,0.0242117174117228
27863,0.913461623537707
25849,0.000647691138174022
25267,2.46289134124335e-13
29878,2.5146146748638e-06
55204,1.10972322721678e-15
12938,3.34752200531955e-16
21740,0.399417207277593
31431,0.399466380397306
27691,0.000897857358096742
30695,0.000647691138174022
26800,0.000897857358096742
17546,0.000897857358096742
62171,1.64663103831006e-20
29511,0.033430779575424
5091,5.54149898249797e-15
29710,1.01388775600021e-05
61950,6.20362465603515e-20
29568,0.0499397068466292
27989,0.397498807736957
17609,0.00494199189081724
29826,2.65678432128002e-05
29493,0.0618371863927398
62167,6.88503907580352e-15
30787,0.188118587091846
53812,1.94312832994274e-16
20750,0.000647691138174022
63143,9.6902613889696e-16
30353,0.000647691138174022
31522,0.000647691138174022
32689,0.000897857358096742
4039,2.16414114409926e-16
49784,5.12553069479389e-21
29819,0.00122916260687332
30464,7.75452069460845e-15
29434,0.0223338392158447
30466,4.93770490789958e-21
27899,0.398769516139419
23460,0.00110741147662954
23506,0.000897857358096761
15688,1.94025426131299e-16
15747,3.3773310525419e-20
28377,0.000647691138174022
53958,4.85958486927042e-21
19889,0.398769516139419
6261,1.5549411063072e-19
29752,0.0362908294547411
26658,0.000897857358096742
20765,0.000647691138174022
63152,5.81188070748929e-16
1866,6.4918278956497e-08
25840,0.000647691138174022
61949,5.85160108820267e-15
15881,2.27387865751187e-13
29790,3.75776581147359e-05
20473,0.000857245256706819
49976,5.74151934275139e-16
2175,6.86988496070454e-14
14705,1.40877273700503e-16
23498,0.000647691138174022
17483,0.00110741147662954
56450,3.95597660803135e-15
28058,4.91731197137196e-05
30463,4.45526872807042e-17
29432,3.32661173600216e-06
3197,3.42036728545628e-13
649,6.42522893026987e-16
29870,0.000138963293212363
49979,4.61877237169482e-15
16373,6.4918278956497e-08
31465,0.000647691138174022
50291,4.14099444293506e-19
29470,0.0358354139036184
28884,0.172213436934639
23499,0.000848684238383022
4051,2.21535249385995e-15
29518,4.94300457988412e-05
35880,9.20547543322337e-10
25830,0.655789517879829
42504,6.70041992187654e-20
31428,0.914109314675881
45619,0.000848684238383022
20458,0.914784390418636
23415,0.00105823835691582
37025,4.55846648657878e-14
52322,3.45203231446241e-13
30495,7.15279215619276e-15
18276,0.000647691138174022
29745,0.0753284868320393
27129,0.000647691138174022
31367,0.759101540165903
28095,0.000647691138174022
19200,0.000848684238383022
29894,0.00137393879477048
31408,0.398769516139419
19233,0.000647691138174022
29598,0.0606095593634309
23021,0.000857245256706819
50005,4.69135246664548e-20
29558,0.0474920867137277
26982,0.342478670463649
31483,0.000696864257887741
26896,0.000897857358096742
24993,0.000897857358096742
17549,0.000897857358096742
29488,0.0346501300783354
29805,9.19435305109277e-11
56443,9.87455370321064e-14
40884,1.04394895925608e-05
30107,0.398769516139419
19223,0.000647691138174022
42268,0.000410547218741798
14752,6.48417244900164e-20
26626,0.00105823835691582
22243,0.00105823835691582
20469,0.000200993100209001
23803,5.5531106584015e-21
53935,2.83085295564586e-16
29848,4.01427075699721e-06
53941,1.94014735446862e-16
29433,4.01427075699721e-06
19956,0.000897857358096742
62102,1.0420238527597e-05
29709,0.0398204623912982
21517,0.00105823835691582
18169,0.913461623537707
55199,2.93749946364797e-18
40832,1.97835062539223e-19
22418,0.000647691138174022
21945,0.914318868794414
31568,0.000647691138174022
31545,0.188118587091846
25044,0.188118587091846
29489,1.79434366246534e-05
28007,6.4918278956497e-08
31450,0.000696864257887741
15742,1.03611073360808e-15
20501,0.398979070257952
15737,1.90137883596155e-16
26017,0.844117659090208
14823,1.5613511605102e-14
29840,0.0562278374659029
16116,4.55502647649058e-14
5842,4.08580023406106e-16
26919,0.000897857358096742
19000,0.000410547218741798
26741,0.000897857358096742
21684,2.59780206292207e-05
53969,5.50177335373248e-18
29818,0.056238292496144
45614,0.759101540165903
28315,0.000647691138174022
29560,4.23975031190864e-06
19047,0.0012017860612804
29566,0.000144724475393741
1468,6.4918278956497e-08
25055,0.172213436934639
26664,0.000897857358096742
51084,4.03387037829422e-21
8829,3.54368880384902e-15
30357,0.000848684238383022
53809,2.52763946219829e-15
29403,7.38064616015231e-08
14749,1.42127663466416e-19
59582,2.45121047322818e-19
31444,0.587535794369438
61136,2.64161634789851e-19
4927,1.36313320582571e-16
31493,0.914109314675881
852,1.48953176916163e-16
31452,0.000647691138174022
27884,0.759101540165903
20486,0.000219993608125358
29940,0.00151469510534479
397,6.4918278956497e-08
30775,0.913461623537707
29408,4.88755806142988e-05
22096,0.000897857358096742
18054,0.759101540165903
20740,0.759101540165903
27535,0.00257394272490864
26757,0.000647691138174022
29687,0.0721962242219615
31551,0.000647691138174022
22410,0.913461623537707
29099,0.00467834199361094
21813,1.57091137193442e-05
31453,0.000647691138174022
22385,0.000647691138174022
23453,0.000647691138174022
50219,1.43809120009429e-09
9345,2.83521715937249e-16
29911,0.0589738364202688
4046,1.03201637966662e-20
42650,1.04255778382125e-18
24391,0.913461623537707
50317,3.75594002603209e-14
20803,0.00064772110702295
17510,0.00110741147662954
29405,4.30484544051634e-19
20521,0.188328141210378
20006,0.000200993100209001
24375,0.00110741147662954
26870,0.000897857358096742
29641,0.0813276657803
31499,0.000647691138174022
2414,2.43130272491878e-16
55201,6.67089279854301e-14
6526,4.76782632886695e-19
17487,0.000897857358096742
36999,1.03013097659316e-14
26917,0.000897857358096742
49807,2.38321460468876e-20
11017,3.84232920274838e-16
29609,0.105847730728408
17562,0.000897857358096742
30032,0.913461623537707
29736,0.0399318765802322
30080,0.913461623537707
29739,0.0760460868052253
9283,2.20989411170798e-10
62618,6.33953346323686e-20
50132,3.54546983180441e-15
30448,1.95872753283981e-17
20462,0.000647691138174022
23429,0.000647691138174022
23475,0.00110741147662954
5466,0.000857245256706819
15730,2.15726157770523e-16
29631,0.000482794642216474
22240,0.00105823835691582
25808,1.04198679695889e-05
29731,0.0398070673560203
58027,4.8337664137199e-15
17489,0.000897857358096742
29571,9.19435309416562e-11
23028,0.00105823835691582
22696,0.913461623537707
23501,0.00110741147662954
29625,0.110696201214888
24388,0.000647691138174022
30088,0.807401426770166
23413,0.000897857358096761
29936,0.000112642989208181
17593,0.000897857358096742
29537,0.00121366940901161
26918,0.000897857358096742
8001,1.2568860279745e-13
22307,6.4918278956497e-08
32671,0.000848684238383022
23428,0.000897857358096742
89,6.4918278956497e-08
6104,1.36219716243346e-16
42079,5.87877874886936e-21
4902,6.92755633721289e-21
22149,0.000647691138174022
30789,0.000647691138174022
16486,6.4918278956497e-08
55680,5.97361710930075e-21
38541,1.04394895925608e-05
29676,0.0882620388250284
25017,0.000647691138174022
3758,4.98781226622566e-16
26939,0.000647691138174022
26740,0.99806719524327
31936,4.91731197137196e-05
30486,2.95327528265045e-15
29833,2.86602634597064e-05
25901,0.914109314675881
22425,0.398769516139419
29683,0.0703654958142178
26708,0.00110741147662954
17541,0.000897857358096742
53437,1.55302891661539e-20
52205,3.63740250918077e-15
7112,2.82151095131516e-17
29842,0.0415347840757688
20487,1.00000000000041
27206,0.913461623537707
27814,0.913461623537707
62165,3.9960760833845e-15
26786,4.91731197137196e-05
53821,1.3950128478324e-16
29475,1.44839620880641e-05
17613,0.00584417983745886
8015,5.3183303001529e-21
20754,0.000848684238383164
53747,2.59975852398627e-19
19199,0.000647691138174022
27541,0.00105823835691582
15745,3.71347185179479e-16
29930,4.75591121906209e-05
31971,0.000906418376420538
18569,0.000848684238383022
12903,5.96448437191848e-21
53699,1.37405613380053e-14
50275,8.67432507010321e-20
23456,0.000897857358096742
26036,0.000848684238383022
17528,0.000897857358096742
19212,0.000647691138174022
53817,1.65917679346919e-14
30698,0.96176151014197
30079,0.000647691138174022
6167,3.37709149823876e-13
7995,2.90095089883866e-18
23478,0.000897857358096742
15457,5.91917309493787e-15
4933,3.51967743371305e-16
14826,3.14941571437516e-14
50319,9.32433587650727e-16
31516,0.000647691138174022
29743,0.0818671296490986
31566,0.000647691138174022
17108,0.998093173263899
26762,0.000647691138174022
20963,2.3899481003057e-13
10801,1.08645927299885e-20
18266,0.000647691138174022
29907,3.4446522409337e-05
17614,0.000897857358096742
29479,0.0591562970892954
59502,3.5245470126352e-15
29669,0.0340055458646747
24451,0.363140640838169
17617,0.399427629453278
63404,6.4918278956497e-08
31552,0.188118587091846
20994,2.82421249003089e-10
17744,0.188118587091846
7107,7.13809571142414e-15
55185,5.88823403112247e-19
58620,9.20547543322337e-10
6154,4.88822444917418e-17
29517,0.067806828974665
22306,0.000209554118532797
37344,1.04394895925608e-05
651,4.9019977332673e-16
29613,0.020090516048051
29437,5.55272466575395e-18
30473,4.38122708332828e-16
52321,5.96574571016358e-15
50239,2.13663684063767e-14
851,1.82167369837786e-20
20821,0.401578132951103
27311,0.914109314675881
18173,0.000647691138174022
32609,0.000897857358096742
26719,0.000658130627766582
24714,0.913461623537707
28302,0.000647691138174022
23509,0.000897857358096742
29896,0.00173944261460278
18075,0.398769516139419
31601,0.000647691138174022
64953,6.4918278956497e-08
40025,1.04394895925608e-05
8566,4.94761343528041e-21
29712,0.101343399053451
29887,0.0327788051445081
18175,0.399417207277593
20497,0.000857245256706819
20739,0.00085724525670696
40823,6.58293331513297e-15
7163,2.21001069729215e-10
3056,3.70558008075892e-10
22489,0.000848684238383022
26763,0.000897857358096742
15140,4.52262227353387e-16
42786,2.83088330608405e-16
26801,0.000897857358096742
15831,2.38222256523284e-13
29648,0.105134553406801
31510,0.000696864257887741
4188,4.09577654523065e-18
55205,9.4075919956902e-14
9104,6.83715571452744e-16
29516,0.0464218581808291
16118,1.4277923177855e-19
29695,0.000133777124643072
540,6.4918278956497e-08
28020,0.18876627823002
17573,0.000897857358096742
29755,0.00160597118508584
1828,6.4918278956497e-08
24975,0.000857245256706819
14706,2.439440058906e-16
27046,0.00064769461654185
27937,0.398769516139419
23462,0.00105823835691582
18829,0.000209554118532797
23495,0.000908296847689303
29679,0.0650014548386103
53436,4.01470298136699e-21
29137,2.59780206292207e-05
21351,0.000647691138174022
20483,0.000647691138174022
22229,0.759749231304077
17091,0.00110741147662954
15732,8.74198088997517e-18
40829,1.92579748448033e-13
17535,0.000647691138174022
29586,4.01427075699721e-06
65146,6.4918278956497e-08
3176,4.2378222034619e-19
29626,4.75591123828027e-05
32393,0.00105823835691582
31495,0.998477742462011
29866,0.0580897717530979
29882,0.0858539506990467
27657,0.000857245256706819
15734,6.65526776995088e-20
19209,0.00494199189081724
28256,0.000647691138174022
59154,5.50318101398699e-20
31562,0.587535794369438
18863,0.000647691138174022
656,7.11386173615843e-15
29622,0.0223801237912031
12919,5.99948362504447e-19
26812,0.000897857358096742
53823,1.16103642380843e-13
29399,2.85067172025362e-15
25028,0.000897857358096742
32667,0.000897857358096742
29766,0.108005308036437
29539,0.0397890703229073
7872,1.04394895925608e-05
28033,0.000200993100209001
20807,7.42617345719888e-21
26614,0.000897857358096742
22273,0.913461623537707
19210,0.914109314675881
58023,2.83895668426639e-11
29578,0.0121752617452241
21677,1.04221756847951e-05
15699,9.45965996075406e-21
29767,0.0678633977207915
9633,1.94030411642239e-16
22381,0.00105823835691584
29426,1.79100105547726e-05
29427,0.0618536021588253
25796,0.000647691138174022
52825,4.59365337773887e-19
20503,0.913461623537707
28369,1.57100342668875e-05
29839,2.51461474596323e-06
26695,0.00673433015567659
25962,0.913461623537707
34300,6.4918278956497e-08
60490,2.15656831098571e-16
35374,3.44744811980878e-19
27047,0.000647691138174022
7932,1.21190061157939e-14
19037,2.59789330326237e-05
8073,1.07836663720621e-15
62101,1.04198679695889e-05
49969,5.14578327409341e-19
29794,0.0499212487763966
31946,0.00110741147662954
4042,6.7795445009991e-13
29909,0.00134836175147025
30082,0.398769516139419
31402,0.000647691138174022
56440,3.7619471277062e-16
30472,4.47963467441782e-09
58021,6.41567379665813e-10
19244,0.914109314675881
8185,4.03991067725361e-21
21919,0.971483569207322
30733,0.000647691138174022
29781,0.0694110987757587
21521,0.00110786878372671
28012,0.586888103231264
2113,1.11990623776341e-15
27837,0.000647691138174022
22085,0.000647691138174022
29816,0.0553525013857735
26693,0.00110741147662954
32872,1.04221756847951e-05
35369,1.5344204596953e-19
29730,0.0327900453536314
21640,6.4918278956497e-08
9319,1.68369184836978e-17
15902,2.52528456521943e-15
53727,6.62683839308043e-21
27711,0.998276749361803
27573,0.000857245256706819
3217,1.49351953597215e-19
22471,0.000647691138174022
29929,6.24035313768316e-05
53815,4.6083038510875e-21
855,1.45939638894474e-16
27509,0.759101540165903
20747,0.000648144520032887
14840,8.46640611028979e-16
29715,0.0419595813788184
23426,0.188118587091846
17605,0.000897857358096742
50234,1.23472871536775e-13
29876,0.0499392458095182
16536,6.4918278956497e-08
27553,0.913662616637916
28326,2.59205286610888e-06
24542,0.000647691138174022
26042,0.000647691138174022
50322,2.64110381350866e-20
20498,0.000647756056452978
23227,0.000897857358096742
51388,1.68783538336445e-14
23461,0.000897857358096742
18291,0.000647691138174022
23407,0.00105823835691582
53540,3.70558008075892e-10
31592,0.000647691138174022
50006,6.21754947138784e-15
31531,0.000647691138174022
62522,1.12600035332956e-13
45511,1.82641091429507e-14
12418,9.34087077249964e-15
63968,3.44780063910478e-15
30069,0.00195822373949294
29877,8.59090020743104e-15
9656,4.59260013063016e-19
29944,8.59090020743104e-15
49779,5.12575700781284e-21
53819,2.37427911912428e-20
23042,0.000647691138174022
29619,1.48762300785689e-05
15738,2.28993312301964e-14
21350,0.000897857358096742
21825,0.000200993100209001
22663,0.188118587091846
20793,0.188118587091846
37174,1.77058968513757e-18
17472,0.00110741147662954
24987,0.398769516139419
21657,0.000647691138174022
35376,2.9692747796763e-16
26821,0.000897857358096742
17494,0.000897857358096742
14704,9.75494141263069e-16
29596,0.0742310916261319
50885,6.85554582222595e-16
17620,0.000200993100209001
28084,0.000410547218741798
57651,1.3812118068898e-16
23502,0.00105823835691582
56751,6.93051157434083e-14
27883,0.188118587091846
47390,1.04394895925608e-05
22088,0.000647691138174022
57628,0.172213436934639
20762,0.000647691831814073
23485,0.188118587091846
19207,0.000647691138174022
1974,2.59275548500523e-15
17553,0.000897857358096742
17520,0.00110741147662954
25989,0.000897857358096742
31506,0.000647691138174022
20733,1.05531450432964e-19
29863,0.0106200996841389
7687,3.91228940783739e-11
58020,1.60375976373747e-10
15371,5.17260149008945e-16
18977,0.000848684238383022
8070,2.37771899036034e-14
55193,1.03011685404419e-14
26027,0.000897857358096742
49998,1.1295237837768e-17
7955,1.48430793555991e-20
29834,0.00135336757775993
29822,0.0327943941116692
9103,2.81116199439507e-14
27970,0.914109314675881
17611,0.000897857358096742
29515,0.0608044390987864
15109,5.23899414195738e-15
951,6.4918278956497e-08
62163,1.30957298837432e-19
9630,7.42900680332245e-20
18029,0.000897857358096742
51390,1.05666818230781e-14
31926,0.00494199189081724
21615,0.000647691138174022
31455,0.000647691138174022
40836,5.15833291397772e-20
29830,0.097303789293594
14768,7.87012204999911e-15
29435,0.0618596947665244
22645,0.000200993100209001
58024,2.50005473043401e-19
7944,8.12462466355253e-09
24999,0.96176151014197
24477,0.000647691138174022
27138,0.000200993100209001
29865,4.70980750882301e-05
29906,0.058015931732181
53412,1.04394895925608e-05
21603,0.360332024026485
29746,0.0475201053997816
4036,6.51220149335686e-19
50009,1.57056353515156e-05
567,6.4918278956497e-08
58820,5.79098793603484e-16
21711,0.18876627823002
20755,0.000647691831814073
7313,4.44009379907838e-15
15717,6.79407096360133e-21
28046,0.000857245256706819
20748,0.00105823949287942
50224,5.61771679246146e-13
29650,0.0257971051561254
14178,2.26513040606273e-21
23491,0.000647691138174022
49809,1.29686782224593e-20
35559,1.04394895925608e-05
20000,0.188118587091846
26844,0.000647691138174022
29920,0.12835321552426
29792,0.000650006632861504
26005,0.399417207277593
4047,9.80381194231301e-16
29706,0.0736973742175589
49999,1.63822055954875e-14
22255,0.00105823835691582
34314,6.4918278956497e-08
7095,9.70107923529811e-17
20736,0.000647691831814073
36742,9.20547543322337e-10
27007,0.000647691138174022
52162,1.03388337302464e-13
29881,9.39549772843464e-15
30763,0.913461623537707
29782,0.000216905508750453
55866,2.07931874715276e-08
23411,0.000897857358096742
9350,1.53383154729063e-20
30358,0.000647691138174022
9655,2.58219274022415e-16
55985,1.0917826940291e-13
50284,4.44323109342942e-15
25008,0.99806719524327
58022,2.81044491693793e-16
45558,0.000647691138174022
7346,1.09466910472614e-19
29771,0.010446664319619
23486,0.000897857358096742
12705,6.00461155018003e-18
62142,9.84134772760777e-19
11043,1.05588560079431e-13
63135,5.30047240282885e-16
39085,3.70558008075892e-10
22105,0.000647691138174022
21939,0.000647691138174022
26859,0.000897857358096742
31993,0.000647691138174022
62652,2.02933760400075e-13
10915,2.29001515900614e-14
31590,0.587535794369438
22424,0.00105823835691582
30760,0.913461623537707
25788,0.00105823835691582
14769,7.25967576313395e-20
27646,0.000647764590341655
22114,0.000675075742754294
26732,0.596610162296616
8827,4.44340881759618e-15
26625,0.000897857358096742
12444,9.20547543322337e-10
29095,3.47836782863862e-09
648,5.84713701148168e-15
18199,3.47836782863862e-09
29430,2.29385538321983e-05
23497,0.000897857358096742
19201,0.000647691138174022
37707,9.06184760209376e-17
63131,3.87101424508547e-16
18143,0.000647691138174022
29506,0.0362774004082228
30068,0.96176151014197
29849,0.0605986299975742
19034,0.914519861894623
854,2.99840873983012e-16
3466,9.20547543322337e-10
29708,0.0012778215586344
21889,0.398769516139419
17552,0.000848684238383022
18478,0.000848684238383022
21601,1.04956279344972e-05
54908,2.28599037783938e-14
33993,6.22626761561025e-15
17499,0.000897857358096742
49962,4.16304033155164e-16
18165,0.000647691138174022
18777,0.000647691138174022
28770,0.000647691138174022
29753,0.0832897236043281
27286,0.000647691138174022
63190,4.81687004482126e-15
63145,4.28906750806349e-16
17616,0.000897857358096742
58821,1.83690272314513e-16
16531,6.4918278956497e-08
20479,0.91431030777609
19942,0.000897857358096742
29784,0.0757704621188522
61519,2.84442563181572e-20
30783,0.913461623537707
30686,0.914519861894623
19249,0.000647691138174022
21880,3.47836782863862e-09
12677,2.20987996405395e-10
948,6.4918278956497e-08
29552,0.0702666680904004
24444,0.913911514641925
23422,0.000897857358096761
4030,2.62240708089022e-20
23484,0.00244002940303338
12327,9.09649950358325e-21
29655,0.0686128111869016
29534,1.54653965385337e-05
27924,0.000209619036811754
28102,0.000647691138174022
3294,4.81545160256323e-19
29601,0.0552433547527417
17607,0.000897857358096742
29853,2.05408090638509e-05
9664,7.02369778611513e-15
20792,0.157535169393269
25876,0.000897857358096742
50315,5.93468889433133e-13
9638,1.40157771375921e-13
28388,0.342478670463649
29636,0.0329707827275715
37164,2.47695165921452e-21
29462,0.0620462655530522
26894,0.000897857358096742
55744,2.29723283500128e-19
29497,0.0499392458096756
26659,0.00110741147662954
19044,0.000897857358096742
7061,5.61762061755655e-16
4954,8.92957101707794e-16
29813,5.6471508642604e-06
29838,0.0758236990202141
22653,0.913461623537707
31563,0.000647691138174022
15264,2.90083521298189e-18
29763,0.00132946666904362
53810,2.71634161507524e-17
19224,0.399427646767185
7054,4.55760533340173e-14
25975,0.000897857358096742
9187,9.20547543322337e-10
16119,3.25907730646433e-19
29860,0.0114564854820809
29898,0.0563021949465025
17603,0.000897857358096742
3278,4.3876743306259e-17
26829,0.000897857358096742
24371,0.000647691138174022
29431,7.05437708423356e-06
50248,1.5639637315649e-07
29396,2.91010419666032e-05
26895,0.000897857358096742
22249,0.923433848822982
27512,0.000647691138174022
30370,0.000647691138174022
28807,1.04394895925608e-05
23481,0.000897857358096742
15733,5.24961205952166e-16
573,6.4918278956497e-08
20972,2.47338456792418e-10
23033,0.000647691138174022
8571,1.98439119306076e-20
9349,6.61138654358549e-15
29494,0.00121366950093796
56466,5.51221842119283e-20
53543,3.70558008075892e-10
29926,1.791516711076e-05
17492,0.000897857358096742
65059,6.4918278956497e-08
37702,2.34166463100159e-16
29458,2.63217429771144e-05
53936,1.29630241712491e-20
29606,0.0012666142943896
21518,0.000647691138174022
19246,0.000647691138174022
56442,1.02157818334113e-14
62104,1.04198679695889e-05
28279,0.000647691138174022
52211,2.42080034289971e-15
63133,1.94066082850922e-16
17502,0.000848684238383022
49989,9.84761557764773e-15
29714,0.000215973012859706
26665,0.00110741147662954
23432,0.00110741147662954
29628,0.0364997469399725
29498,0.047476128127745
49653,3.70558008075892e-10
28100,0.913461623537707
29905,0.0242083908919304
56438,2.94733393408343e-17
53203,1.34205455942713e-14
20799,0.000647691831814073
3302,4.3909799436495e-17
20491,0.91367117765624
30345,0.000897857358096742
50000,1.91691886461365e-15
28115,0.399466380397306
22612,0.188118587091846
31573,0.000647691138174022
49971,3.15211762282173e-14
27995,0.000647691138174022
22217,0.000647691138174022
17566,0.00685080205873142
53818,2.02806332125456e-16
20466,0.000209554118532797
45679,0.000647691138174022
19892,0.00136683094405693
4370,3.57064596970473e-17
26907,0.000897857358096742
21329,0.00105823835691582
27035,0.913461623537707
21949,0.000647691138174022
45738,6.4918278956497e-08
29151,0.913461623537707
88,6.4918278956497e-08
31581,0.000647691138174022
20484,0.000848684238383022
50294,5.58617006914407e-15
37222,9.20547543322337e-10
25819,0.000848684238383022
60761,7.39994659873892e-18
26707,0.00110741147662954
7345,3.5869868882423e-17
46024,1.81238124405862e-16
27433,0.000647691138174022
29673,2.06310085146445e-05
53931,2.28991359891562e-14
28238,2.5900936595518e-06
22130,0.997419504105096
29495,0.0495030490029127
32607,0.188118587091846
58016,8.65639825178587e-15
26610,0.00110741147662954
27999,2.59780206292207e-05
29421,6.63461292006064e-08
59365,2.12131660440023e-16
3272,3.25266101919259e-21
29913,0.0562574531414775
51387,3.56668501720852e-14
29509,0.0564723897823464
9635,3.54642464445328e-14
15985,3.63067377655938e-19
7989,1.69772652058907e-15
9383,2.21332642935833e-10
20495,0.000647691138174022
17591,0.000897857358096742
29417,0.00153032984230523
30350,0.000647691138174022
30735,0.914519861894623
29901,0.000300360222470775
26930,0.000897857358096742
850,3.59347501581737e-20
53968,5.96554685703961e-15
31539,0.000647691138174022
28139,0.000906418376420538
31599,0.000647691138174022
253,1.28938368789125e-10
45530,0.000647691138174022
50225,2.21000782081154e-10
20167,6.4918278956497e-08
27409,0.913461623537707
17560,0.00558075206449113
49997,1.31521769555957e-19
58026,7.53202388460241e-15
29671,0.108111743142604
34187,1.04394895925608e-05
23180,0.807401426770166
29704,0.0233102279584973
30459,1.50876216235986e-14
14820,1.48484734712393e-15
26747,4.91731197137196e-05
22483,0.000647691138174022
60615,2.29766806839729e-19
29464,0.105460563636201
21535,0.000647691138174022
26787,0.000897857358096742
29490,6.49997897986618e-05
22546,0.398769516139419
26951,0.000647691138174022
55092,1.90983361562965e-18
35361,2.46257232312006e-16
17610,0.00134208607344909
21507,0.000209554118532797
61952,8.28810457829658e-19
26851,0.000897857358096742
8072,2.11029651690838e-13
26912,0.000897857358096742
31508,0.000647691138174022
9333,9.8341331521547e-16
24384,0.399417207277593
24974,0.000647691138174022
4019,1.40938338005858e-18
29573,0.0208301747646779
25785,0.000897857358096742
27946,0.000647691138174022
29795,0.0120970936387101
27980,0.000647691138174022
8016,1.21467212567196e-16
16924,3.67278316706402e-13
23469,0.000897857358096742
178,6.4918278956497e-08
63962,6.48242583132663e-15
23454,0.00110741147662954
6825,7.45250778857322e-21
26736,0.00110741147662954
23425,0.00110741147662954
26672,0.000897857358096742
19058,0.00105823835691582
26320,0.000897857358096742
25990,0.000897857358096742
686,6.4918278956497e-08
26669,0.000658113313858817
30809,0.913461623537707
25971,0.000647691138174022
853,3.20158260455467e-16
2927,3.70558008075892e-10
49988,8.26949377889105e-16
23796,1.25655505116428e-14
50316,2.32249376579373e-17
7936,8.4729402054093e-20
27150,0.923183682603059
21308,0.000647691138174022
55867,8.3140983079068e-09
23482,0.00110741147662954
30494,6.89668891354394e-15
20494,0.000209554118532797
3342,2.08319908890962e-19
22141,0.000200993100209001
9320,2.28994984765985e-14
29418,0.102298118366208
27978,0.000200993100209001
22295,0.188118587091846
29807,0.0580416556568721
29570,0.068430280981576
31518,0.360979715164659
18221,0.913461623537707
22573,0.189176825448761
7943,2.5447871581163e-14
27408,0.000647691138174022
36901,9.20547543322337e-10
41151,1.04394895925608e-05
17690,0.398769516139419
34299,6.4918278956497e-08
29542,0.0750981965615046
30708,0.000209554118532797
7064,6.20202754349811e-15
23427,0.00110741147662954
28045,0.189176825448761
28032,0.00179992613084464
26928,0.000897857358096742
24448,0.000897857358096742
22119,0.188967271330229
50903,0
4935,0
2409,0
61145,0
29411,0
61832,0
53964,0
2310,0
847,0
55745,0
62499,0
14279,0
42575,0
3319,0
7554,0
9344,0
29801,0
64024,0
42083,0
56451,0
52203,0
54940,0
2206,0
50229,0
52334,0
56255,0
50725,0
30485,0
12329,0
62609,0
357,0
3229,0
12328,0
55365,0
51416,0
9275,0
53642,0
15223,0
48692,0
6170,0
7562,0
48995,0
52347,0
2390,0
12672,0
10632,0
29394,0
42651,0
55850,0
60543,0
4056,0
41762,0
50639,0
50442,0
9279,0
7742,0
3775,0
8361,0
52863,0
40089,0
3724,0
4316,0
2373,0
4449,0
8355,0
3796,0
53927,0
49706,0
4802,0
2391,0
4175,0
49808,0
9517,0
62170,0
24934,0
41765,0
7916,0
10580,0
4367,0
8570,0
3209,0
52335,0
9646,0
9654,0
2372,0
49773,0
9715,0
6110,0
8875,0
7160,0
7366,0
56006,0
6114,0
15652,0
29640,0
54938,0
63120,0
5848,0
7342,0
56195,0
15896,0
6058,0
53698,0
15004,0
53721,0
40020,0
4868,0
54168,0
56511,0
7052,0
2361,0
4371,0
6103,0
62557,0
15858,0
15781,0
10621,0
56298,0
15695,0
3340,0
35755,0
61153,0
50511,0
6678,0
4300,0
2407,0
61152,0
12322,0
61694,0
6033,0
30451,0
56109,0
9663,0
29487,0
52475,0
7197,0
9342,0
29663,0
29581,0
38120,0
16083,0
29786,0
52820,0
2355,0
52320,0
6587,0
7939,0
38955,0
51949,0
6299,0
15857,0
12690,0
54111,0
41645,0
53940,0
7996,0
56249,0
6135,0
55003,0
8233,0
4894,0
2423,0
5660,0
2777,0
4274,0
55827,0
29461,0
29725,0
61904,0
46766,0
48694,0
9547,0
42086,0
30480,0
2655,0
55345,0
43465,0
62156,0
9845,0
29820,0
8836,0
5621,0
29742,0
37026,0
62154,0
61951,0
10282,0
62141,0
41683,0
2450,0
42574,0
29757,0
53658,0
62586,0
7315,0
61155,0
42196,0
12714,0
3219,0
3228,0
8741,0
8202,0
2303,0
52692,0
42085,0
55534,0
40833,0
62552,0
62599,0
4307,0
15585,0
55045,0
10581,0
764,0
7486,0
12692,0
51762,0
53959,0
29843,0
54950,0
6168,0
58031,0
10205,0
53748,0
63111,0
30474,0
10486,0
65036,0
4840,0
55631,0
11052,0
50251,0
59024,0
3539,0
4044,0
6113,0
30488,0
9658,0
29912,0
48414,0
63960,0
7725,0
63971,0
56520,0
7140,0
10204,0
4930,0
54455,0
4942,0
10963,0
2614,0
9460,0
54927,0
9352,0
29779,0
3174,0
50902,0
56456,0
57028,0
62158,0
29590,0
62409,0
2159,0
9652,0
2513,0
37034,0
15897,0
55766,0
16916,0
2410,0
62620,0
54409,0
55634,0
50218,0
8755,0
3113,0
10964,0
61586,0
11342,0
15224,0
7642,0
12686,0
51761,0
30449,0
50057,0
53961,0
6725,0
62307,0
5869,0
35128,0
6715,0
3568,0
2617,0
61896,0
7066,0
7949,0
15209,0
9676,0
62403,0
56086,0
4034,0
4908,0
6652,0
24686,0
15249,0
5059,0
3865,0
29879,0
29927,0
9266,0
57185,0
62486,0
48702,0
10582,0
3187,0
62612,0
50746,0
48697,0
3709,0
2152,0
62050,0
15687,0
23779,0
54294,0
54630,0
33465,0
29553,0
10289,0
52331,0
55099,0
61238,0
51596,0
56318,0
49985,0
7640,0
52332,0
40088,0
8203,0
42177,0
48700,0
4629,0
5716,0
4967,0
53682,0
42310,0
1482,0
56674,0
52333,0
48701,0
43221,0
42199,0
46370,0
2412,0
50285,0
62176,0
4879,0
15218,0
39781,0
10284,0
5122,0
62164,0
51991,0
14177,0
53932,0
64591,0
53933,0
54380,0
647,0
8349,0
54297,0
55202,0
15736,0
5781,0
61833,0
43197,0
37694,0
9644,0
29919,0
43608,0
55228,0
55179,0
41208,0
2203,0
55244,0
2162,0
50677,0
53645,0
29815,0
2539,0
35775,0
8268,0
42566,0
10298,0
15744,0
7549,0
22734,0
15682,0
51814,0
5817,0
62610,0
40835,0
2616,0
55415,0
15895,0
9699,0
7890,0
57195,0
30799,0
40828,0
8032,0
62000,0
8206,0
2691,0
6047,0
61818,0
5619,0
4630,0
29436,0
29664,0
37703,0
14915,0
5343,0
21568,0
30479,0
48698,0
2785,0
49967,0
53677,0
16500,0
24028,0
14774,0
4865,0
3723,0
12685,0
15455,0
56114,0
10281,0
6025,0
42195,0
61893,0
6046,0
2455,0
9864,0
53744,0
49992,0
30456,0
2392,0
56172,0
4024,0
52201,0
51778,0
61984,0
4026,0
49621,0
61895,0
7093,0
29922,0
12782,0
4669,0
29605,0
29525,0
56469,0
54975,0
49405,0
7557,0
15729,0
56341,0
52827,0
16044,0
62155,0
62177,0
54942,0
60532,0
9721,0
7723,0
4782,0
55635,0
10857,0
50265,0
1877,0
3536,0
9702,0
29419,0
29507,0
30454,0
53675,0
62235,0
51465,0
54976,0
3337,0
51473,0
274,0
16096,0
7652,0
50263,0
8837,0
48690,0
29639,0
61046,0
7499,0
40085,0
50266,0
53676,0
8627,0
56110,0
4033,0
53963,0
12713,0
30468,0
9668,0
23795,0
8758,0
29629,0
13479,0
9273,0
11061,0
1901,0
41492,0
3220,0
6165,0
9312,0
52796,0
13834,0
3511,0
64950,0
30481,0
7161,0
42570,0
29522,0
5823,0
52329,0
62402,0
38122,0
15741,0
23794,0
60727,0
9202,0
5623,0
52330,0
24029,0
55002,0
60650,0
43466,0
15713,0
52195,0
62614,0
9935,0
2202,0
6394,0
654,0
56154,0
9631,0
9150,0
30484,0
15135,0
7314,0
39770,0
11054,0
62157,0
53717,0
56254,0
54917,0
56019,0
29717,0
55098,0
50194,0
2413,0
279,0
15900,0
3718,0
12918,0
51809,0
9978,0
50318,0
37701,0
2368,0
2451,0
14750,0
8793,0
16060,0
23802,0
48706,0
61902,0
52461,0
7724,0
4215,0
50601,0
29835,0
35123,0
15808,0
52935,0
62580,0
2208,0
35570,0
7722,0
7489,0
9070,0
62360,0
53966,0
50131,0
4989,0
3263,0
50544,0
9649,0
6117,0
4273,0
42397,0
54966,0
55654,0
9313,0
50754,0
5818,0
61068,0
2805,0
20782,0
65114,0
8181,0
15884,0
60756,0
5638,0
8478,0
15965,0
4624,0
64506,0
7822,0
7094,0
15801,0
50268,0
29623,0
5367,0
61178,0
9677,0
5857,0
56403,0
4601,0
62630,0
9665,0
51030,0
9634,0
52223,0
16936,0
5564,0
29831,0
8684,0
55659,0
9632,0
62541,0
55325,0
2456,0
60719,0
53899,0
61907,0
8770,0
34278,0
55445,0
5298,0
5760,0
52198,0
40087,0
60791,0
62168,0
7113,0
53957,0
2205,0
53386,0
4546,0
8033,0
63677,0
3716,0
53568,0
9636,0
24039,0
56470,0
6266,0
4045,0
14676,0
49406,0
7721,0
29864,0
54845,0
3314,0
3271,0
11016,0
55198,0
50606,0
20822,0
50304,0
56441,0
5993,0
55344,0
55326,0
8569,0
6096,0
2157,0
50273,0
9806,0
53231,0
61021,0
7098,0
2418,0
55027,0
15404,0
4599,0
60794,0
15252,0
20939,0
53962,0
60538,0
53916,0
54910,0
58034,0
11542,0
55603,0
37023,0
36407,0
49978,0
49972,0
15486,0
50568,0
2365,0
8557,0
10728,0
11093,0
62577,0
64975,0
50283,0
51474,0
53808,0
29867,0
50730,0
29451,0
4877,0
16057,0
2475,0
60654,0
650,0
61625,0
10371,0
54246,0
29918,0
7766,0
49968,0
14914,0
56011,0
10960,0
54759,0
56600,0
15244,0
62562,0
49668,0
55848,0
9639,0
49858,0
54411,0
29872,0
54909,0
12239,0
50004,0
29616,0
42778,0
7051,0
1053,0
52821,0
8668,0
61903,0
55529,0
3216,0
52177,0
62585,0
2433,0
15243,0
13603,0
9288,0
61941,0
14832,0
9176,0
15210,0
54928,0
40573,0
54669,0
23474,0
55762,0
55657,0
14765,0
12538,0
52328,0
54393,0
5824,0
15748,0
42446,0
62613,0
15487,0
33575,0
29524,0
40831,0
51472,0
6746,0
52326,0
7001,0
42653,0
14755,0
33984,0
4853,0
24930,0
8219,0
29733,0
43309,0
5810,0
6116,0
9593,0
7320,0
48653,0
53967,0
7165,0
49994,0
9679,0
55203,0
62912,0
9713,0
35124,0
55250,0
49763,0
42078,0
53824,0
53703,0
55028,0
2209,0
7102,0
15731,0
56250,0
9449,0
50247,0
52199,0
14173,0
45001,0
42084,0
856,0
43654,0
62626,0
756,0
51779,0
3312,0
15286,0
53934,0
1253,0
2308,0
29724,0
10136,0
49776,0
7940,0
55327,0
63112,0
56422,0
3351,0
56461,0
56459,0
42178,0
50627,0
52176,0
52327,0
64509,0
62615,0
53716,0
15683,0
7665,0
36416,0
9316,0
53825,0
56510,0
42077,0
14770,0
61879,0
3720,0
18206,0
15068,0
3948,0
51463,0
20749,0
14175,0
53704,0
6300,0
42316,0
15893,0
4280,0
9338,0
55430,0
60786,0
9274,0
10914,0
15739,0
52193,0
15225,0
8222,0
