50903,4.17373573335024e-06
4935,6.91617409852331e-05
2409,0.000183645983846832
14837,0.000170743308833948
61145,1.96645779734423e-06
29928,8.28653564035618e-10
49782,3.24655850583606e-05
30806,1.4398240790577e-14
4029,0.00108126078369596
53816,0.00115310948574297
26799,2.66451568181226e-14
28373,3.63132938225382e-17
18160,6.06357581242289e-14
22391,3.56549930633975e-11
27858,1.71807295343917e-12
29510,0.000203217074789701
42781,3.31892503371501e-05
61832,5.92889700431844e-05
55533,0.000178271053439182
7942,0.000175534352016118
53964,1.96645779734423e-06
2310,4.8068152702427e-06
28397,1.50619205495536e-07
21543,1.24639176242943e-14
847,0.000203068028924116
55745,0.000155407993951671
62499,1.46044517188222e-06
14279,9.02487422035312e-05
42575,0.000151844004693792
3319,4.99735716370721e-11
29696,2.88771352839204e-10
63140,0.000112653076779995
29908,1.16412583508255e-11
7554,4.40366284854039e-06
9344,6.07948916786838e-05
17597,9.96607796761507e-15
26838,5.28771809217907e-17
19048,2.3542666571027e-21
4909,0.000186906645676979
25870,9.71025155195187e-10
42083,0.000203068028924116
29398,3.19778763932394e-12
56451,4.17466010143693e-06
52203,0.000155332701340784
30487,0.00195129992308041
29499,2.86134557928187e-07
2206,9.02487422035312e-05
50229,1.30392885356029e-07
29871,9.32115863986914e-07
52334,0.000112235437780923
31999,1.52545856691411e-20
20730,2.69182410141993e-08
56255,1.34106222162864e-06
22305,2.16220110935418e-11
50725,2.91063042799392e-05
27190,5.51632475840119e-07
29612,2.79445384881935e-16
45587,1.46678642029452e-14
15832,0.000822153305500564
30485,4.12668890287452e-06
12329,0.000285805681308987
50249,0.000283482698723994
56455,0.00309217697798096
20756,0.00020396115023111
15899,0.000159978395551916
62609,0.000184367880454323
357,0.000187669582372634
9653,0.000158125880181976
29776,1.66030869150551e-06
3229,3.41039979036415e-06
7938,0.000170896790330422
18245,4.62904326580274e-14
23022,2.43678370797061e-14
29503,2.10049702000608e-21
12328,0.000285805681308987
4035,0.000373668671180178
59364,0.000232328044090631
24479,5.56168597521078e-23
53814,0.00307560634245203
55365,0.000155407993951671
51416,4.8068152702427e-06
9275,6.07948916786838e-05
24467,2.89478897671191e-10
17622,4.53507301287989e-14
15250,0.00015819780920087
21001,3.35944899037279e-22
29557,8.02332786570167e-07
53642,6.55711628379501e-07
26070,3.5676344505516e-14
655,0.000359787620330118
15223,0.000158326821054901
63144,0.000112653076779995
48692,1.46044517188222e-06
31474,4.43620323099397e-14
6163,0.00219214906108649
29422,1.10719040976654e-06
23408,3.26329560505828e-14
6170,0.000155407993951671
26622,1.50619226153725e-07
7562,4.40366284854039e-06
22281,2.89415921538925e-10
48995,0.000155407993951671
25043,3.9950634259835e-10
52347,8.13128449073586e-07
30771,7.18195914000791e-10
51090,8.13128449073586e-07
28119,2.91320676125878e-11
2390,0.00018498704606846
12672,0.000114035708519417
29875,5.79746898886246e-10
17532,3.84505351490626e-16
10632,6.91617409852331e-05
27070,3.46349374873741e-14
42651,0.000312321662024696
55850,8.66397892433299e-08
29577,4.63303719366794e-10
60543,0.000187669582372634
24368,1.85719878234052e-14
4056,1.95796559299837e-07
31582,1.63905566688281e-14
15829,0.000561042433896909
23438,1.87667861623095e-10
31417,2.21349630998518e-14
41762,6.07948916786838e-05
50639,0.000112235437780923
26808,3.25964249029602e-14
9279,6.07948916786838e-05
50442,1.73123904014073e-22
50310,0.000316026302130346
17568,3.43921080676395e-14
20800,0.000453486762876713
7742,8.13128449073586e-07
3775,2.8452820368109e-05
29620,4.74047238931519e-12
58018,0.000232328044090631
8361,6.32138212025523e-05
53937,0.000134346776080858
25031,6.42669718642711e-11
52863,4.40366284854039e-06
21883,3.35655961450256e-22
40089,0.000112235437780923
3724,0.000183645983846832
22462,1.0159054835838e-16
4316,0.000112235437780923
2373,1.34106222162864e-06
28869,1.50806871415059e-07
28120,5.28503429527453e-17
19250,7.68688607439574e-14
29788,1.70224533446485e-06
20519,7.7713111738454e-07
4449,0.000187669582372634
30112,5.17472145767399e-20
27172,1.38529844521366e-15
8355,3.25238757605307e-05
63141,0.000112653076779995
53927,0.000300760099314013
3796,3.30805429675175e-06
26694,9.19410163772724e-14
7934,0.000838434759142953
53813,0.00115934604869147
49706,1.34106222162864e-06
4802,0.000155407993951671
26758,3.96524983928118e-14
27273,2.8289603111559e-14
55979,0.000214623706167267
40826,0.00123006316840394
2391,0.00018498704606846
23508,3.52879078561896e-14
4175,0.000112235437780923
30092,2.61540557632302e-18
29943,6.25657126792418e-07
49808,3.24655850583606e-05
9517,5.94287455946429e-05
45629,1.17883150390933e-18
17497,2.89445634908311e-10
40834,0.00020064015495875
9662,0.000158583400507249
62170,0.000203068028924116
29588,2.4554652925952e-11
25957,3.91189079984242e-12
29443,5.996001829821e-10
26776,6.68482162280874e-16
41765,6.07948916786838e-05
10580,0.000112235437780923
7916,4.09695612662578e-08
4367,0.000155407993951671
8570,3.25238757605307e-05
40825,0.00108807877699273
28193,2.88257196532234e-05
18987,1.08158890936677e-15
23076,1.68303718962927e-14
27678,2.40455012655638e-14
3209,0.000394679857977269
23470,1.50908617333841e-07
52335,0.000112235437780923
9646,0.000190850696815432
6298,0.000309685587255961
15828,0.000630534818068031
9654,0.000204528474095999
2372,1.34106222162864e-06
18954,1.06057258268743e-10
29465,1.00000000000088
9715,0.000165694551776361
6110,0.000183645983846832
29764,1.32014775124208e-10
26641,5.57455685385141e-16
8875,0.000210794929199713
29607,5.80369236370402e-07
32610,1.05476076952383e-21
53820,0.00112498964358266
14174,8.83243252646338e-05
17604,3.25964249029602e-14
7366,0.000151844004693792
7160,5.92889700431844e-05
27926,2.89417300110434e-10
27251,2.28567448874161e-16
56006,2.5054835062638e-07
6114,3.30805429675175e-06
24678,1.52545856691411e-20
15652,6.07948916786838e-05
9513,0.000126059524746718
3273,3.25442407462649e-05
19221,4.46493449326099e-14
63120,2.97394077692259e-06
54907,0.000178271053439182
26781,6.38702147499217e-14
5848,4.8068152702427e-06
56140,0.000130087104969819
56195,1.96645779734423e-06
7342,3.88674405050573e-08
15896,4.8068152702427e-06
20453,6.97418328675483e-21
58036,0.000232328044090631
6058,1.34106222162864e-06
18279,1.53094375927673e-11
53698,0.00020388115737319
19252,3.16778474401702e-16
53721,6.55711628379501e-07
15004,0.000189636040169978
19208,7.43131852041118e-12
18848,8.7923725997243e-15
19165,4.34615869568705e-14
20849,4.84625022703104e-14
26654,2.89380785981463e-10
4868,1.96645779734423e-06
40020,1.46044517188222e-06
17094,1.5061924531794e-07
3201,0.00168560226529836
56511,4.38010027356784e-07
54168,0.000112235437780923
30696,3.35193162076711e-17
32416,2.79131334644844e-14
7052,3.77669311178477e-06
14841,0.00107108963941329
2361,1.34106222162864e-06
4371,0.000476894497452201
15898,9.32732909755973e-05
6103,3.18388438614664e-11
60533,3.25238757605307e-05
29829,8.02812176663135e-07
12939,0.000182099830406736
62557,4.40366284854039e-06
22343,7.13718097963486e-21
28048,1.24639179604587e-14
23035,6.7451949315812e-11
15858,0.000183645983846832
653,0.000393086832253178
42165,3.78149638082613e-08
26328,1.32403870285325e-14
15781,4.38010027356784e-07
21534,3.30181101421037e-21
21570,1.50619203234924e-07
25856,2.89444508155357e-10
9591,0.000454425466700367
10621,9.02487422035312e-05
56298,1.34106222162864e-06
15695,7.23665278789497e-07
29796,8.03118464454293e-07
3340,4.8068152702427e-06
17547,1.37582754691728e-07
22115,3.9814971568802e-19
8204,0.000277903529440511
35755,4.8068152702427e-06
61153,9.24368086689593e-10
3339,0.000411206325241408
29527,3.64164906265982e-22
27372,1.50619204361622e-07
50511,1.5874615499136e-22
29828,7.66104118470151e-08
58040,0.000232328044090631
4300,4.8068152702427e-06
31437,8.63435438677986e-20
17555,5.59385299991841e-14
24653,3.58430439099194e-14
26924,3.23867175564612e-16
19041,1.75494767349636e-16
15735,0.000434793860993948
61316,0.000157726282503139
2407,0.00018498704606846
42787,0.000162095087746025
12322,4.17373573335024e-06
61152,4.17466010143693e-06
16117,0.000126059524746718
61694,2.62216942572373e-06
6033,6.77327306758693e-06
2207,9.02487422035312e-05
9663,4.8068152702427e-06
56109,4.40366284854039e-06
49965,0.00048821882072778
52475,1.00144760460192e-06
29487,3.7557793277731e-21
23412,1.94166955119541e-14
31430,9.19065249913088e-11
49973,0.000270083899242898
26438,6.74715822042948e-11
7197,1.34106222162864e-06
8189,3.24727752957549e-05
9342,6.07948916786838e-05
17471,1.26568968237644e-13
29663,1.11753046819006e-06
9105,0.00102901746498686
29726,3.58144045790095e-12
17554,3.4224645797339e-14
29581,1.50134745353558e-08
29480,3.83979765756136e-23
53695,0.000271551502073273
38120,6.55711628379501e-07
16083,1.96645779734423e-06
9657,0.000126059524746718
29716,9.90822450062508e-10
4903,0.000374576228049613
45630,2.2620396999283e-14
58644,0.000232328044090631
52820,5.94287455946429e-05
8373,0.000190632735869229
2355,4.06725527350197e-08
9680,0.000429878323128174
52320,0.000112235437780923
23496,1.48352167831517e-16
19067,2.28796275714293e-16
6587,1.96645779734423e-06
24378,1.12652891713325e-06
7939,1.26562487954891e-08
38955,1.46044517188222e-06
19195,4.57773452653686e-15
26662,6.70086534213271e-16
35709,8.83243252646338e-05
13965,0.000232328044090631
51949,9.02487422035312e-05
21551,1.70431187229617e-15
40830,0.000224886629442988
6299,3.79864026591529e-05
14978,0.000214623706167267
26652,5.28472182574244e-17
17515,3.60925395663688e-14
12690,4.8068152702427e-06
15857,1.46044517188222e-06
15830,0.000429576360834892
31728,1.12615745722314e-06
3173,3.25238757605307e-05
29615,7.14436611078765e-21
29699,3.71681270035514e-13
7056,0.000157288272475782
29482,0.000305449699711251
29424,6.85603355943086e-10
41645,0.00020315466871336
7841,0.000165154742394671
53940,3.30805429675175e-06
7996,3.39843209324129e-05
56249,3.4418611815191e-08
63129,9.17091873754134e-05
26690,9.73637423378023e-15
6260,0.000271551502073273
6135,3.88674405050573e-08
6054,3.48350419805914e-08
55003,9.02487422035312e-05
63985,0.000157288272475782
4894,3.92971488281176e-05
2423,1.34106222162864e-06
5660,4.8068152702427e-06
36501,3.55800056030209e-08
2777,1.46044517188222e-06
4274,0.000112235437780923
2053,3.24655850583606e-05
17537,3.01981021986045e-14
15740,0.00095149802195064
55827,6.55711628379501e-07
29461,6.70210065449959e-22
29486,2.42420572613254e-10
30130,1.38980496666425e-06
28010,7.07090983891215e-12
29854,1.82438787630834e-16
29632,0.0163346254471659
20465,2.26061215509305e-15
61904,0.000287034015835231
20753,0.165020678206181
46766,0.000192476397642877
23463,7.28960723194935e-14
21527,4.57797199735473e-14
19240,6.35894779700004e-14
30807,3.62450839635201e-11
50875,0.000201665028948693
17512,2.7527227211079e-14
18202,1.68306374337226e-14
7190,8.76879514288231e-05
48694,1.46044517188222e-06
9547,1.96645779734423e-06
42086,0.000250430931848662
4899,0.000374576228049613
2655,1.96645779734423e-06
30480,4.4436295923185e-08
21946,1.05157016227947e-09
17475,3.25964249029602e-14
55345,4.17373573335024e-06
43465,4.38010027356784e-07
62156,0.00020064015495875
9845,2.8452820368109e-05
8836,1.46044517188222e-06
21525,5.39118186809116e-15
29732,6.48303077850303e-19
26616,3.48977273457193e-16
5621,4.8068152702427e-06
32458,8.55446024053282e-14
49966,0.00119468097680421
31595,2.72715703826816e-14
37026,4.8068152702427e-06
29941,1.46473531778999e-11
25985,2.22424796965999e-15
62154,1.96645779734423e-06
23443,3.01981021986045e-14
61951,0.000392687469702131
4369,0.000420924537098459
29741,6.14319477328413e-19
62662,0.000276154413261184
26775,2.25957036419389e-14
10282,2.8452820368109e-05
62141,5.94287455946429e-05
20965,3.90253311249844e-14
4041,0.000283419928976647
15901,0.00209931633604949
31597,1.75398157608614e-16
50295,0.000344545118790417
2450,1.34106222162864e-06
20456,1.07674462473424e-09
42574,0.000151844004693792
24681,9.57389089106648e-15
29858,9.31867981430249e-07
62586,5.92889700431844e-05
7315,0.000203068028924116
63151,0.000112653076779995
61155,4.17373573335024e-06
50314,0.000276154413261184
42196,2.5054835062638e-07
12714,1.26196581710037e-08
3349,5.94287455946429e-05
26750,3.47858452954997e-14
22251,4.86855989622626e-15
26636,5.28671117336511e-17
3219,0.000183645983846832
3172,3.25238757605307e-05
3228,1.46044517188222e-06
8741,1.96645779734423e-06
50312,0.000217872274849998
29531,5.53438092348465e-07
6297,0.000309685587255961
9681,0.000159396528956322
58032,0.000232328044090631
21798,2.85628401441255e-05
31414,4.46493449326189e-14
8202,5.62901313564444e-06
2303,0.000155407993951671
19236,9.58137143764689e-19
29806,1.23396961265585e-11
42085,6.55711628379501e-07
52692,9.46524050520716e-05
27122,1.64711409946382e-16
55534,0.000155332701340784
8348,0.000304017087131634
40833,9.02487422035312e-05
19226,8.79241492344549e-15
17517,2.8196476510243e-12
29690,1.0700312275566e-21
23471,2.89409166543833e-10
29769,1.24699356647778e-18
62552,6.07948916786838e-05
26790,4.61422305370391e-11
58804,0.000232328044090631
29686,7.76142547061385e-21
62599,0.000262496774518759
4307,1.96645779734423e-06
29808,1.58565302080183e-05
27427,8.11121536785931e-14
2559,0.000335421358352788
15585,3.25238757605307e-05
23451,5.88390292491324e-14
29847,5.75008698788203e-12
23446,5.43738293375691e-14
29832,8.02708208266861e-07
9675,0.000130408819691688
23007,2.60466352043487e-15
19724,8.32124026344558e-20
42080,0.000178271053439182
55045,3.25238757605307e-05
37208,0.000182099830406736
29825,1.16140184763708e-08
26657,3.79080821273273e-14
51812,0.000585404630867346
32429,4.34615869568705e-14
26000,4.27528842785327e-14
10581,0.000112235437780923
30796,6.7472473193912e-11
24449,1.80889571186843e-16
764,9.02487422035312e-05
7486,4.17373573335024e-06
29682,3.53565044004555e-22
12692,4.8068152702427e-06
7062,3.39843209324129e-05
51762,3.25238757605307e-05
8577,0.000344545118790417
53959,4.12577515674122e-06
20790,0.000286669503842434
29803,1.28220905483712e-10
26916,2.89409166543833e-10
29504,1.86373536145482e-11
29643,1.56363253962163e-08
23511,3.9886967668393e-14
29903,5.78265469645951e-13
29656,7.06242982314031e-19
27132,5.83009144708189e-20
29460,1.35900486662304e-13
24951,0.199860338162718
6168,0.00018498704606846
58031,0.000232328044090631
30795,3.50190587462978e-11
4080,0.000158326821054901
29774,5.94578323532657e-22
10205,2.38458915833607e-10
51214,0.000112653076779995
21436,1.50645731761389e-16
10486,8.66397892433299e-08
4840,0.000155407993951671
58042,0.000232328044090631
29471,1.19534335127923e-06
45737,1.00215433600618e-15
29439,0.00504752132845947
29425,1.97723521597833e-11
55631,9.09022261153614e-05
11052,4.19991860573804e-08
31497,2.31448148725745e-10
50251,0.000252807724832065
63981,0.000157288272475782
3539,1.96645779734423e-06
22452,1.15476364890808e-16
4044,6.55711628379501e-07
19197,1.86558722368345e-14
29850,1.44551693030354e-18
6113,0.000192997213303567
20728,2.69182573639357e-08
27432,3.35500358819613e-19
29869,8.0309783769696e-07
30488,1.1039379099241e-14
29492,8.1296835692807e-07
9658,1.46044517188222e-06
9641,0.000334289977064878
52325,0.00118579376396763
58028,0.000232328044090631
31407,9.35823665609345e-13
19009,3.75852797336319e-14
28251,1.5061920323494e-07
26783,5.59932167484734e-20
20811,5.5499150416159e-17
48414,1.34106222162864e-06
63960,1.96645779734423e-06
27724,3.50712442606777e-11
59583,0.000232328044090631
7725,0.000155407993951671
15883,0.000657178703100483
56520,4.38010027356784e-07
63971,4.38201935616678e-08
3789,5.94287455946429e-05
31550,3.05385734711732e-14
26706,5.16907469303299e-16
7140,1.46044517188222e-06
27955,4.53913361448759e-14
10204,0.000151844004693792
54455,6.53483911830202e-07
4930,0.000190632735869229
29900,1.29475468555337e-12
11339,0.000629918948864072
4942,3.25238757605307e-05
45732,2.79131334644844e-14
54962,0.000178271053439182
2614,6.07948916786838e-05
10963,0.000203068028924116
9460,1.96645779734423e-06
29604,3.04000386939545e-07
3296,0.000384254850683258
17558,5.6152045424117e-14
22505,3.797925624487e-21
22614,1.37533426283539e-07
55532,0.000157288272475782
26704,3.25964249029602e-14
21764,7.74452669886555e-11
45671,2.84670873848644e-16
7933,0.000276154413261184
9352,6.07948916786838e-05
53799,0.000157288272475782
62173,0.000178271053439182
29779,0.00147186177319519
7111,0.000270083899242898
3174,2.44159243434736e-17
50902,4.17373573335024e-06
56456,0.000183645983846832
27902,1.5080686941048e-07
62158,0.00020064015495875
23424,7.43763695407756e-14
28124,8.7923725997243e-15
21859,8.78636979844676e-15
62409,6.07948916786838e-05
55986,0.000535177854659646
49778,3.24727752957549e-05
2159,0.000109228893249174
63973,0.000157288272475782
30200,7.47706601311131e-16
42788,0.000162095087746025
9652,0.000151844004693792
30461,0.000273247788340405
29861,8.0304979430505e-07
20787,3.04841580183295e-14
53208,6.91617409852331e-05
2513,0.000183645983846832
26709,3.38843785872603e-18
29893,8.45764265664969e-10
24990,3.56302598052027e-14
26670,2.10254724822738e-14
31540,4.34818194517853e-16
15897,4.8068152702427e-06
37034,0.000109228893249174
55766,0.000112235437780923
2410,1.34106222162864e-06
50745,0.000190632735869229
58019,0.000232328044090631
25897,3.06257049657649e-14
62620,6.53483911830202e-07
54409,1.46044517188222e-06
55634,9.02487422035312e-05
50218,0.00012688535462263
8755,9.02487422035312e-05
3113,0.000112235437780923
61586,6.55711628379501e-07
52324,0.00118579376396763
10964,0.000203068028924116
19175,2.41710285899348e-14
2519,5.94287455946429e-05
23510,4.37633230067278e-11
62611,0.000190632735869229
52323,0.000224858194155152
11342,1.34106222162864e-06
15224,4.80713871882581e-06
31492,4.34616022114562e-14
23440,5.59932167820939e-20
55656,0.000893193777236426
7642,6.55711628379501e-07
12686,4.8068152702427e-06
25849,2.89373838523477e-10
27863,2.911390280718e-05
51761,0.000149537712246716
25267,8.02569641030744e-10
29878,1.45098923818781e-13
55204,0.000772336659449568
12938,0.000182099830406736
30449,7.61077208238986e-18
21740,1.10781803777238e-14
50057,2.8452820368109e-05
31431,6.16230069079137e-15
53961,7.23665278789497e-07
6725,1.34106222162864e-06
62307,0.000192476397642877
5869,0.000112235437780923
27691,1.14592818074306e-14
35128,3.25238757605307e-05
30695,5.36841457245056e-14
6715,0.000155407993951671
26800,1.64949310321372e-13
2617,6.07948916786838e-05
62171,3.24655850583606e-05
17546,2.89409166543833e-10
29511,1.56341816889954e-08
5091,0.000344621426092216
61896,4.8068152702427e-06
61950,4.00765538864984e-05
7066,9.32732909755973e-05
7949,5.92889700431844e-05
29568,6.46522582824584e-18
9676,1.46884007745309e-06
15209,0.000203068028924116
62403,0.000189636040169978
27989,7.04903078434387e-13
17609,2.89374631425745e-10
29493,2.33617679706112e-12
56086,0.000217872274849998
62167,0.000178271053439182
53812,0.00169619515929536
30787,3.36748866497915e-11
63143,0.000112653076779995
4908,0.000187669582372634
4034,9.75995606197368e-06
30353,1.84409032437103e-14
31522,3.22043816481349e-16
32689,3.84505351490672e-16
49784,3.24655850583606e-05
4039,0.000157288272475782
24686,0.000151844004693792
29819,2.53190998583047e-23
29434,4.08605656196089e-17
30466,3.80324022710699e-09
27899,1.30677647518515e-10
23460,3.2384341310673e-16
23506,3.25965822063568e-14
15688,0.000597134109339498
15249,3.25238757605307e-05
15747,0.000374405573861901
5059,2.8452820368109e-05
53958,0.000167095529537206
28377,6.35280227611996e-15
6261,0.000101459709805125
3865,2.5054835062638e-07
29752,5.80846858529044e-10
29879,1.28525734652533e-07
29927,1.71580097226447e-17
26658,5.369970450616e-17
9266,5.26041202940914e-08
63152,0.000112653076779995
20765,1.08158890935622e-15
57185,1.96645779734423e-06
62486,8.66397892433299e-08
25840,3.93374188565968e-15
48702,1.46044517227007e-06
61949,0.000697145151833434
10582,0.000112235437780923
15881,0.000662589543258714
3187,4.17373573335024e-06
62612,6.07494152150666e-05
49976,0.00138508061790284
20473,1.02128889228351e-14
2175,0.000132380318283514
3709,0.000187669582372634
48697,6.07494152150666e-05
50746,1.46044517188222e-06
14705,0.000232328044090631
23498,1.48948347358673e-20
2152,3.55860264737813e-06
56450,0.000581539177944776
17483,2.51484645527154e-14
62050,9.56280805815149e-05
15687,4.8068152702427e-06
28058,6.68614469032399e-11
23779,1.6648623702224e-07
3197,0.000770060398809767
649,0.000592638848719552
54294,6.55711628379501e-07
49979,0.000270083899242898
54630,1.38410347889314e-08
33465,3.85191060588818e-15
50291,0.000948112063203439
31465,2.89417300110465e-10
29470,9.7979318245475e-08
10289,1.46044517188222e-06
52331,0.000112235437780923
4051,0.000692549192792851
42504,0.000112653076779995
25830,1.11012518182765e-12
61238,1.34106222162864e-06
55099,0.000203113321829755
31428,2.04302082476167e-14
56318,1.34106222162864e-06
51596,4.17373573335024e-06
45619,3.34407200307968e-17
49985,1.46044517188222e-06
7640,6.53483911830202e-07
20458,9.57594458298489e-15
23415,1.87792701328045e-10
52332,0.000112235437780923
37025,0.000158583400507249
52322,0.00118579376396763
30495,0.000112280130755544
40088,2.48570737364445e-08
18276,7.68688607439574e-14
27129,1.50619203234924e-07
29745,2.03417225381186e-05
8203,8.22197865401742e-07
42177,0.000151844004693792
31367,1.69140829148787e-10
48700,1.46044517188222e-06
19200,1.19084135559918e-15
28095,4.92408631856801e-16
4629,4.38010027356784e-07
29894,1.29508114251996e-13
5716,0.000112235437780923
19233,3.5341611523587e-14
23021,2.71500706416557e-14
29598,1.34032733377654e-15
50005,0.000344545118790417
29558,1.10685875073577e-06
4967,9.22152000008754e-05
31483,2.83712005556873e-14
26896,2.77693041654216e-14
53682,3.23448583114817e-10
17549,6.54407087999284e-14
24993,1.19718319827432e-21
29488,9.31299402345742e-07
56674,1.46044517188222e-06
52333,0.000112235437780923
56443,0.000895413665879291
48701,1.46044517188222e-06
30107,8.82930755499743e-22
43221,5.94287455946429e-05
42199,9.02487422035312e-05
19223,1.74614409341256e-14
14752,3.25238757605307e-05
46370,0.000155407993951671
26626,5.11053784361122e-14
22243,4.7885514125778e-14
20469,2.17670791122861e-22
53935,0.000351731127916003
23803,7.20314718736625e-09
53941,0.000117264822540702
2412,0.000183645983846832
19956,4.62912692885698e-14
50285,1.71471609383572e-08
62176,0.000187669582372634
4879,0.000112235437780923
15218,9.37470270012643e-05
21517,1.87680606323328e-10
55199,0.000826686797487709
18169,2.11470651530649e-12
10284,0.000259356076756144
40832,3.72170470703534e-05
39781,6.53483911830202e-07
22418,2.79131334644844e-14
5122,0.000112235437780923
21945,7.3966541817994e-14
62164,1.96645779734423e-06
51991,0.000155407993951671
14177,8.83243252646338e-05
31568,2.04299798907019e-14
31545,5.73156667195823e-17
53932,0.000132380318283514
25044,3.41028732470673e-12
64591,6.07948916786838e-05
53933,0.000132409636896226
31450,5.6117428044129e-14
15742,0.000715294609451382
15737,0.000174287461742891
54380,2.8452820368109e-05
20501,1.0444232909355e-14
26017,1.57545849338767e-16
647,0.000301564425809916
14823,0.000813927316755805
5842,9.02487422035312e-05
8349,6.32138212025523e-05
16116,0.000126059524746718
29840,2.9801163029083e-11
54297,3.25238757605307e-05
26919,6.31133981593117e-22
55202,9.02487422035312e-05
26741,1.32328700139686e-14
15736,0.000112485986131549
5781,4.8068152702427e-06
53969,0.000339310638084045
61833,5.92889700431844e-05
43197,3.23448583114817e-10
28315,2.89409180135e-10
29818,8.34875373094792e-13
45614,4.91448553177929e-12
19047,2.96661317360151e-16
51084,3.24655850583606e-05
26664,3.1735882748844e-14
25055,9.59459663854894e-22
8829,0.000659087354358843
30357,3.97843019015291e-14
37694,0.000122772617964062
9644,0.000203068028924116
53809,0.00200186881240063
14749,3.25238757605307e-05
59582,0.000232328044090631
43608,3.55860264737813e-06
61136,0.00068994458729062
55228,6.53483911830202e-07
55179,3.55860264737813e-06
4927,0.000251427627547912
41208,9.94932520077808e-05
31493,1.12708300043404e-06
31452,2.73316089129367e-14
27884,2.25171150388857e-11
20486,2.78846047577155e-14
2203,5.94287455946429e-05
29940,1.22144624797952e-14
55244,4.8068152702427e-06
2162,6.53483911830202e-07
50677,0.000155407993951671
35043,0.000155407993951671
30775,3.70978945568581e-11
22096,1.19969565121643e-13
20740,7.22810183336636e-11
18054,2.34959917927717e-11
27535,3.22845708724057e-14
26757,1.12669114444694e-15
29687,1.03638077408764e-09
31551,1.75494767349591e-16
22410,5.60313370414822e-11
29099,7.20928791938472e-16
31453,1.50908577073448e-07
2539,3.25238757605307e-05
35775,0.000309154912585951
20741,2.40954038245326e-06
42566,0.000151844004693792
50219,0.00028107957489563
10298,1.96645779734423e-06
22385,3.39450634678203e-14
23453,2.57863506708075e-14
9345,0.000232328044090631
15744,0.000185023133037451
7549,3.41039979036415e-06
4046,3.24655850583606e-05
29911,5.63258681642199e-12
42650,0.000312321662024696
50317,0.000250903549882351
15682,9.09213276504451e-07
22734,1.01548450743929e-16
24391,1.26592495498235e-07
5817,0.000112235437780923
51814,2.48570737364445e-08
20803,0.000377992253073067
17510,6.19392288951863e-20
20521,1.38402196172132e-10
20006,6.14407149934591e-16
62610,3.25238757605307e-05
26870,2.77693041654216e-14
24375,5.5993634035891e-20
40835,9.02487422035312e-05
29641,8.03378207326554e-07
31499,3.95768165196268e-16
2616,6.07948916786838e-05
2414,0.000126755587929108
55415,1.46044517188222e-06
55201,0.0010233715459586
6526,0.000155407993951671
15895,0.000109228893249174
36999,0.000112653076779995
17487,4.75945614717988e-09
26917,1.50619221255142e-07
9699,6.32138212025523e-05
7890,1.96645779734423e-06
11017,0.000113376742058785
57195,0.000155407993951671
30799,0.000453486762876713
40828,0.000376385121528973
29609,2.07404306563192e-05
8032,2.8452820368109e-05
62000,5.27451209409598e-06
17562,1.56450448550729e-11
2691,4.38010027356784e-07
8206,6.55711628379501e-07
29711,2.6213536817276e-13
30032,9.13415002680246e-13
6047,4.06725527350197e-08
4630,4.38010027356784e-07
61818,6.53483911830202e-07
5619,0.000192476397642877
29736,5.53593281403145e-07
15743,2.8452820368109e-05
37703,9.02487422035312e-05
5343,4.8068152702427e-06
14915,0.000167656902391126
29739,3.59153474592487e-10
9283,0.000251427627547912
62618,0.000216535505058946
50132,0.000126059524746718
30448,7.52677158897931e-14
30479,1.75772920621623e-12
23429,1.50619203234924e-07
20462,1.5061924531794e-07
48698,1.46044517227007e-06
2785,0.000112235437780923
49967,0.000178271053439182
23475,1.50806892545758e-07
53677,3.23448583114817e-10
5466,2.29014541366847e-16
15730,0.000631253445733109
22240,9.18730291161877e-11
16500,0.000183645983846832
24028,3.23448583114817e-10
14774,1.46044517188222e-06
4865,1.96645779734423e-06
58027,0.000232328044090631
29731,8.02687446342235e-07
3723,0.000183645983846832
17489,3.0463582456381e-14
12685,4.8068152702427e-06
15455,0.000190632735869229
29571,2.04124196866197e-11
6025,1.96645779734423e-06
56114,0.00020064015495875
10281,2.8452820368109e-05
23028,5.7289252114902e-16
22696,8.2143904328229e-18
23501,2.094946744601e-16
42195,2.5054835062638e-07
61893,3.61126236326161e-06
29625,6.25918181730265e-07
24388,1.50619204361615e-07
30088,1.37557426565253e-07
6046,4.06725527350197e-08
23413,6.68843657187234e-11
2455,0.00018498704606846
17593,2.89409372298665e-10
29936,1.94550024723218e-22
8001,0.000178271053439182
26918,2.09494674457776e-16
29537,1.14709483322458e-14
9864,2.8452820368109e-05
30456,6.53483911830202e-07
49992,3.25238757605307e-05
2392,4.06725527350197e-08
23428,3.23847225404532e-16
32671,1.48410250640224e-16
6104,3.60304194685198e-08
42079,3.25238757605307e-05
4902,0.000374576228049613
56172,0.000155407993951671
4024,7.33354767185834e-05
22149,3.47858452954997e-14
52201,0.0001658193808844
55680,3.25238757605307e-05
51778,3.25238757605307e-05
61984,0.000114035708519417
29676,2.22823072695783e-11
4026,5.94287455946429e-05
25017,7.68688607439574e-14
3758,0.000232328044090631
26939,1.52545856691411e-20
31936,8.16587737998829e-15
26740,5.30040038441259e-12
61895,0.000192476397642877
49621,1.46044517188222e-06
7093,3.25238757605307e-05
29922,0.000505540564901965
30486,0.000696890212192593
25901,2.4088149590768e-11
22425,4.30967063571698e-17
29683,5.27050962655445e-19
26708,3.93410148522899e-14
4669,0.000515796399123574
53437,6.91617409852331e-05
17541,4.15704946591475e-14
29605,0.000202913652548253
52205,0.00018685583100315
29525,6.07883257700743e-09
56469,1.34106222162864e-06
7112,0.000178310535592128
54975,0.000183645983846832
27206,2.07517670575264e-10
20487,8.84677125444017e-15
29842,3.44380454385037e-20
27814,4.04100201712559e-11
49405,6.07494152150666e-05
62165,0.000542764131484988
53821,0.0012370401570314
15729,0.000183645983846832
7557,3.25238757605307e-05
26786,8.16587737998829e-15
56341,1.96645779734423e-06
17613,9.18548198398838e-11
8015,3.25238757605307e-05
20754,5.55995229351921e-17
19199,2.8939698409573e-10
52827,6.53483911830202e-07
27541,3.99732839330869e-14
16044,4.8068152702427e-06
15745,0.000234294501887976
31971,2.89423696361931e-10
62155,3.41039979036415e-06
62177,3.37693040265086e-06
18569,3.73009189842871e-14
53699,0.000271551502073273
12903,4.03907550426126e-07
60532,3.25238757605307e-05
9721,6.32138212025523e-05
50275,0.000276154413261184
23456,4.12687646567222e-14
4782,4.38010027356784e-07
7723,0.000155407993951671
26036,2.11367039593099e-14
53817,0.00305277287518986
17528,3.25964249029602e-14
19212,3.47858452954997e-14
6167,0.00367625883880726
55635,5.99424539550146e-05
10857,8.13128449073586e-07
30079,3.05385734711732e-14
30698,1.56362896960135e-11
7995,0.000237560023482367
50265,0.000183732623636075
15457,0.000112653076779995
23478,2.84275089464664e-16
4933,0.000251427627547912
1877,0.000132380318283514
9702,5.61994371931628e-06
14826,0.000807492819017877
3536,1.8102682899648e-20
50319,0.000276856012633754
31516,3.23450708640366e-15
29419,0.00294098597615583
29743,8.02610162950724e-07
31566,1.58202796775449e-14
17108,7.01884644516678e-13
10801,0.000289285280008349
26762,2.89373838523477e-10
20963,3.15097077573693e-17
18266,3.94953086227131e-14
30454,1.06457785501862e-09
53675,3.23448583114817e-10
17614,3.25964249029602e-14
62235,0.000512885033333317
51465,7.23665278789497e-07
54976,0.000183645983846832
29479,1.29108383095335e-11
3337,1.96645779734423e-06
59502,0.000232328044090631
29669,7.45148098566797e-10
51473,4.8068152702427e-06
17617,2.33239891782815e-21
20994,6.27505540407933e-08
31552,1.01087242377013e-20
17744,2.73007182146871e-19
7107,0.000345316154246417
55185,0.000283419928976647
16096,3.30805429675175e-06
7652,1.96645779734423e-06
6154,7.63073017991219e-08
22306,3.08237204303936e-20
29517,1.74451080053588e-18
651,0.000189812148236313
29613,5.5342242901138e-07
50263,8.00321022875966e-08
8837,0.000284535426118891
29437,0.00397994628573465
52321,0.000224858194155152
48690,1.46044517188222e-06
29639,1.51284655277335e-08
50239,0.000114301841107406
7499,1.34106222162864e-06
61046,0.000163852923087056
40085,2.5054835062638e-07
50266,8.66397892433299e-08
27311,6.2653929106677e-12
18173,1.46390940531358e-14
32609,5.54983145401557e-17
20821,2.51079163623801e-20
53676,3.25310789077181e-05
8627,0.000321195289249716
26719,2.89417300110434e-10
24714,5.31507040266138e-20
28302,5.45190436507231e-20
23509,2.89384611218401e-10
18075,6.56908775509512e-11
56110,6.09184054264696e-05
31601,5.10047995986949e-14
8566,3.25238757605307e-05
53963,2.5054835062638e-07
4033,2.8452820368109e-05
12713,5.6993295440275e-05
29712,1.61627071529572e-05
18175,3.43921967518775e-14
20497,3.5326180862753e-16
29887,6.30311077407133e-20
9668,0.000152010490930815
23795,3.39843209324129e-05
20739,1.09938085928464e-14
40823,0.00108356560286011
8758,3.25238757605307e-05
7163,0.00141460347519087
9273,6.07948916786838e-05
13479,0.000155407993951671
11061,0.000187669582372634
22489,3.90795695096454e-14
15140,0.000344545118790417
3220,0.000183645983846832
41492,3.25238757605307e-05
26763,2.44275230803656e-14
42786,0.000158197485752286
6165,7.19647039457524e-05
26801,2.4379932895567e-19
15831,0.00111641610423507
9312,0.000151844004693792
52796,0.000167656902391126
29648,1.66598419702711e-05
31510,1.55235799807521e-14
4188,0.000126059524746718
55205,0.000508729180772639
13834,1.34106222162864e-06
9104,0.000181814817765228
29516,1.58564143177006e-05
16118,0.000126059524746718
7161,5.92889700431844e-05
29695,1.56340196927578e-08
42570,0.000151844004693792
5823,6.91617409852331e-05
28020,8.78540903789537e-11
24975,1.39391651795718e-13
29755,5.89317734549377e-22
12840,7.23665278789497e-07
52329,0.000112235437780923
14706,0.000232328044090631
27046,3.30237262596951e-15
27937,2.03680150881626e-11
23462,3.77197818858564e-16
62402,0.000250430931848662
38122,6.55711628379501e-07
7937,0.00022054402496696
23495,2.54244028145145e-16
29679,4.31736983444781e-10
53436,0.00026969394928696
15741,0.00018498704606846
23794,0.000100544512233326
60727,0.000112235437780923
21351,2.89417300110434e-10
20483,1.32139200530292e-14
22229,1.12685065373732e-06
17091,3.23874666219267e-16
15732,0.00116641161972212
40829,0.000369351035602181
17535,3.81906289042937e-14
3176,0.000155407993951671
9202,0.000155407993951671
32393,4.27328176539524e-14
31495,2.07357376239657e-11
5623,0.000192476397642877
29882,3.93415554283247e-07
29866,9.39156889539735e-07
15734,0.000183440892628365
52330,0.000112235437780923
27657,1.88465316504484e-14
24029,3.23448583114817e-10
19209,8.80447865094783e-14
28256,3.43921080676395e-14
59154,0.000232328044090631
55002,9.02487422035312e-05
31562,1.12657620298317e-06
60650,0.00018498704606846
18863,3.64683026680339e-14
43466,4.38010027356784e-07
656,0.000771828130309285
12919,0.000410165307173775
29622,1.82256763838854e-12
26812,4.53555155936516e-17
52195,5.94287455946429e-05
53823,0.00188208144597567
29399,2.25615057953351e-06
32667,1.50619276484603e-07
25028,3.45818706536858e-14
29766,8.03015995781514e-07
29539,2.3910339705833e-11
28033,1.88207710122032e-22
62614,6.07494152150666e-05
20807,4.22031117532399e-08
2202,3.55860264737813e-06
26614,1.54439325431819e-14
6394,0.000232328044090631
19210,1.81434933990739e-11
22273,7.75989454137024e-11
58023,0.000232328044090631
654,0.000163852923087056
29578,6.20208119025375e-13
56154,7.23665278789497e-07
9631,4.8068152702427e-06
9150,6.53483911830202e-07
15135,4.38010027356784e-07
9633,0.000277446009115237
29767,1.22269222226202e-10
22381,3.95192138304616e-14
7314,3.25238757605307e-05
39770,6.53483911830202e-07
11054,4.8068152702427e-06
62157,3.30805429675175e-06
53717,0.000228065476767039
25796,3.88262452339989e-14
29427,8.40207374942104e-17
52825,0.000155332701340784
56254,0.000183645983846832
56019,9.37470270012643e-05
54917,1.95796559299837e-07
20503,5.25039264658002e-17
29717,9.65429339414709e-07
29839,0.00121340789177903
55098,0.000203068028924116
50194,0.000155407993951671
26695,9.33096276466585e-16
25962,2.63491742208733e-07
35374,0.000158326821054901
60490,0.000232328044090631
2413,0.00018498704606846
27047,4.10387286054323e-14
7932,0.000276183731873896
8073,0.000899563864977815
49969,0.000210794929199713
15900,4.8068152702427e-06
29794,8.7227437576614e-19
3718,4.8068152702427e-06
12918,0.000228065476767039
51809,1.34106222162864e-06
4042,0.000283419928976647
31946,4.32197060899681e-16
2368,0.000183645983846832
37701,3.25238757605307e-05
29909,9.10064302467505e-22
2451,0.000183645983846832
14750,3.25238757605307e-05
8793,4.38010027356784e-07
16060,4.38010027356784e-07
56440,0.000567647296654595
31402,8.55446024053282e-14
30472,4.04866387728171e-08
58021,0.000232328044090631
23802,8.22379959697183e-07
19244,9.55184489735566e-10
8185,3.24655850583606e-05
48706,1.46044517188222e-06
21919,2.42857856930643e-11
61902,1.96645779734423e-06
52461,7.20314718736625e-09
7724,0.000155407993951671
4215,0.000155407993951671
21521,4.26697448449947e-14
29781,8.03101430527595e-07
28012,2.34250451801111e-12
2113,0.00018685583100315
50601,1.34106222162864e-06
29835,2.21578035898632e-22
27837,3.37917481123714e-14
22085,9.20173731827751e-14
35123,0.000151844004693792
26693,1.50806881368976e-07
29816,1.93474217347878e-11
15808,1.96645779734423e-06
52935,0.000155407993951671
35369,4.91570909482405e-08
62580,0.000155407993951671
29730,1.00497317769504e-15
2208,1.34106222162864e-06
35570,2.97008531238156e-10
7722,0.000155407993951671
9319,0.000284760991198275
7489,4.17373573335024e-06
15902,0.00115986268740269
53727,7.19023739425064e-09
27711,2.21196882309137e-14
27573,5.53792328700361e-15
9070,8.13128449073586e-07
3217,0.000273894726050363
62360,4.8068152702427e-06
22471,8.26217843189675e-15
53966,2.94067142676011e-06
53815,0.000933721638552416
50131,0.000190850696815432
4989,0.000112235437780923
20747,5.51427474629754e-06
27509,3.01754033671469e-16
3263,9.02487712383187e-05
14840,0.000431882411715427
50544,1.5874615499136e-22
9649,3.25238757605307e-05
50234,0.000367505812077375
6117,0.000222393610534089
29715,8.0280286448879e-07
17605,3.01981021986045e-14
23426,3.69815591335924e-12
4273,1.46044517188222e-06
29876,2.58131374043003e-11
27553,1.37597506554406e-07
42397,9.02487422035312e-05
54966,3.24655850583606e-05
28326,8.178382489149e-13
55654,0.000183645983846832
26042,1.43982375929363e-14
50754,2.5054835062638e-07
9313,9.21047811878309e-06
50322,0.000297586084858552
5818,0.000112235437780923
23227,4.67912297217864e-14
20498,1.41704470145193e-10
42288,3.14666926651649e-10
61068,0.000223284772115425
51388,0.00168833850005329
2805,1.34106222162864e-06
23407,1.50619232981622e-07
23461,1.06645515725914e-13
18291,6.82115092887185e-16
20782,2.6918241014196e-08
50006,0.000832763939518198
31592,4.6290310976584e-14
8181,6.55711628379501e-07
31531,1.50619204361615e-07
45511,0.000453486762876713
12418,0.000482312620586256
15884,0.000163852923087056
63968,0.000157288272475782
5638,1.96645779734423e-06
60756,5.94287455946429e-05
30069,2.57863506746151e-14
29877,7.16628907077899e-23
15965,3.25238757605307e-05
9656,0.000126872653195792
29944,2.62117871749653e-13
49779,3.24655850583606e-05
53819,0.00065998809989506
4624,1.34106222162864e-06
64506,0.000157374451749015
7822,0.000268886257744958
23042,7.33918821529928e-09
15801,0.000155407993951671
7094,9.32939484534605e-05
50268,1.13245724417672e-07
15738,0.000440960444620801
21350,1.15902215737463e-14
21825,1.75682909777851e-16
20793,1.95373336565134e-12
37174,0.000186906645676979
61178,9.37470270012643e-05
17472,8.26646649051941e-14
9677,3.39843209324129e-05
21657,1.08158890935573e-15
24987,8.78111766678593e-12
5857,7.23665278789497e-07
35376,6.88938721710772e-22
26821,3.95939814338831e-14
56403,3.25238757605307e-05
4601,3.25238757605307e-05
14704,0.000232328044090631
17494,2.46206317500354e-14
29596,1.16636253875511e-11
50885,0.000126755587929108
17620,1.09143843373217e-14
62630,9.09213276504451e-07
28084,2.15975373441561e-14
57651,0.000232328044090631
9665,0.000388249037827513
9634,4.8068152702427e-06
51030,6.53483911830202e-07
23502,2.83863401368652e-14
56751,0.000283419928976647
52223,5.94287455946429e-05
16936,4.78592317574941e-14
5564,6.53483911830202e-07
22088,3.47858452954997e-14
20762,2.69182410142061e-08
23485,1.18211315613657e-12
19207,5.49278467313956e-17
1974,0.000157323107517763
17553,2.89387783537994e-10
55659,0.00018498704606846
8684,0.000132380318283514
25989,1.5080686941048e-07
17520,5.80941098052085e-16
20733,0.00015500269654268
31506,2.41710285899375e-14
29863,4.39842207333942e-17
7687,0.000112653076779995
9632,0.00020388115737319
58020,0.000232328044090631
62541,1.96645779734423e-06
55325,0.000112235437780923
15371,0.000153043921880431
60719,4.8068152702427e-06
2456,0.000183645983846832
18977,3.88262497706827e-14
8070,0.000786596613261414
55193,0.000966329230768011
53899,0.000203068028924116
49998,0.000451649897836797
7955,3.25238757605307e-05
26027,1.8770713188009e-10
9103,0.00145217135165109
61907,6.91617409852331e-05
8770,0.000112235437780923
34278,1.452221563771e-10
29834,1.65320906439597e-20
29822,3.76347608608298e-12
55445,9.37470270012643e-05
17611,2.8944389306373e-10
27970,1.88379355104162e-11
29515,1.70667025080151e-05
15109,0.000344545118790417
5760,0.000155407993951671
52198,4.12577515674122e-06
40087,0.000112235437780923
60791,2.8452820368109e-05
62163,0.000204050554749114
9630,0.000130408819691688
62168,1.34106222162864e-06
51390,0.00131986032871917
18029,1.8770713188009e-10
31926,9.23866482189103e-14
21615,4.46493449326099e-14
7113,5.92889700431844e-05
31455,1.67595373211077e-22
53957,4.12577515674122e-06
2205,0.000519173257488146
40836,0.00023310574001711
29830,6.18678641420106e-10
14768,3.25238757605307e-05
53386,6.53483911830202e-07
29435,1.50063196033986e-11
4546,6.55711628379501e-07
58024,0.000232328044090631
63677,8.66397892433299e-08
8033,0.000203068028924116
3716,1.96645779734423e-06
7944,0.00030551462869004
24999,2.29589957107091e-16
24477,3.88262452339989e-14
27138,2.01870957265187e-13
9636,4.8068152702427e-06
29865,3.43419345273803e-18
24039,3.23448583114817e-10
56470,0.000100878057534535
29906,2.58201176072964e-11
29746,3.92856776213654e-15
4036,9.94932520077808e-05
6266,1.96645779734423e-06
58820,0.000232328044090631
4045,1.88319155528337e-07
21711,1.15231405030449e-14
14676,1.96645779734423e-06
20755,3.0728232311787e-06
7313,0.000344545118790417
49406,6.07494152150666e-05
28046,2.55068918924013e-14
7721,0.000155407993951671
20748,2.69182477311226e-08
50224,0.000994883082569137
29864,1.09160860089931e-06
14178,8.83243252646338e-05
29650,3.76266700821353e-17
23491,1.50619203234924e-07
20000,6.82821697969171e-13
26844,2.89373838523477e-10
29920,6.26279167643017e-07
54845,2.96161669086853e-08
4047,0.000267977610896838
29792,1.58876727000971e-19
3314,1.42697799741146e-08
29706,1.46664407102464e-07
49999,0.00091467475444235
3271,1.34106222162864e-06
22255,2.83500879786481e-14
11016,7.00709542617376e-05
55198,3.44903335578749e-05
7095,0.000210794929199713
50606,9.02487422035312e-05
20736,2.69182410142061e-08
27007,7.88031984804574e-14
52162,0.000283419928976647
50304,0.000183645983846832
56441,3.30752001897287e-06
30763,2.9150866651903e-20
55866,6.0141216034219e-08
9350,0.000293122935769315
5993,5.92889700431844e-05
23411,3.1735882748844e-14
9655,0.000284741953925419
30358,1.23106637045639e-19
55985,0.000164173620411914
55344,4.17373573335024e-06
55326,0.000112235437780923
50284,0.000363746266126528
8569,0.000112235437780923
6096,3.62376210732109e-06
58022,0.000232328044090631
25008,2.12050012717281e-11
2157,0.000130641053721176
50273,0.000159464419024895
7346,0.000132380318283514
29771,3.03712831641579e-12
12705,0.000273574256493332
23486,7.88528648160216e-16
9806,0.000155407993951671
53231,0.000155407993951671
51041,0.000152788701710287
61021,0.000163852923087056
2418,0.00018498704606846
55027,1.96645779734423e-06
7098,3.25238757605307e-05
15404,5.05102531323601e-08
62142,0.000126059524746718
11043,0.000126059524746718
63135,0.000112653076779995
4599,0.000203068028924116
60794,0.000205231486232729
15252,3.25238757605307e-05
26859,3.27782669148564e-11
21939,1.68303718962911e-14
22105,6.35280227611996e-15
20939,8.02564000158644e-10
31993,3.48370041331019e-14
62652,0.000280956190164189
10915,0.000193635746124043
53962,2.21700614797061e-06
31590,2.4227648610254e-12
22424,4.37606587964835e-11
25788,2.56928327875818e-15
30760,7.7712491854056e-07
14769,3.25238757605307e-05
27646,4.27528842785327e-14
60538,0.000112235437780923
26732,8.905425729527e-13
53916,3.74606432410854e-06
8827,6.1160634722847e-08
26625,2.89442137516818e-10
648,0.00060065264855392
58034,0.000232328044090631
55603,0.00018498704606846
37707,9.02487422035312e-05
23497,1.20375030182482e-14
19201,1.63905566688281e-14
29430,9.2885264726504e-23
37023,1.34106222162864e-06
63131,0.000202901818983526
18143,3.5676344505516e-14
29506,6.3416857965048e-14
36407,3.24655850583606e-05
49978,5.92889700431844e-05
30068,3.8657397586145e-11
29849,2.05481788652769e-08
49972,1.46044517188222e-06
19034,5.56888560557995e-16
15486,0.000253994112822973
2365,1.34106222162864e-06
8557,0.000228065476767039
29708,9.63347228578299e-23
21889,2.37946066532121e-12
17552,3.63777477261005e-14
10728,0.000155407993951671
18478,1.7836340147026e-16
54908,0.000763668948856568
11093,1.46044517188222e-06
33993,3.78149638082613e-08
49962,0.00100404824093498
17499,3.25964249029602e-14
18165,2.89417300110434e-10
62577,0.000155407993951671
28770,1.50619204361615e-07
63190,0.000182099830406736
63145,0.000112653076779995
29753,2.07401305295652e-05
27286,3.02289206772092e-20
51474,4.8068152702427e-06
50283,1.71471609383572e-08
17616,2.09494674460078e-16
53808,1.34106222162864e-06
58821,0.000232328044090631
50730,3.30805429675175e-06
19942,5.04090449429072e-14
20479,1.37569510530549e-07
29784,1.88065373855391e-07
61519,0.000312321662024696
19249,3.06257049657649e-14
30686,6.74683884267977e-11
12677,0.000190632735869229
29552,5.87643269818792e-10
16057,4.38010027356784e-07
4877,9.02487422035312e-05
2475,0.000183645983846832
4030,0.000492241493720297
23422,3.82709324341392e-14
60654,3.31795873889102e-05
23484,1.55784569781627e-16
650,0.000163862139346066
61625,1.96645779734423e-06
12327,0.000285805681308987
29655,2.27497068478616e-15
29534,3.78628843536192e-20
28102,8.7923725997243e-15
3294,0.000491909037834101
54246,0.000112235437780923
10371,2.8452820368109e-05
17607,1.04423244573322e-13
29601,1.35985007790782e-18
9664,0.0001275199699186
7766,1.96645779734423e-06
29853,7.08546044700933e-20
20792,0.18099322049012
49968,3.25238757605307e-05
9638,0.000277903529440511
50315,0.000281018414260907
25876,2.01976275867214e-16
28388,2.21163276047908e-11
37164,0.000186906645676979
29636,8.02609578509491e-07
29462,6.78404163891711e-12
14914,0.000167656902391126
56011,0.000155407993951671
10960,0.000203068028924116
54759,4.8068152702427e-06
55744,0.000155407993951671
26894,1.50806910645811e-07
56600,6.22944530521913e-08
15244,1.46044517188222e-06
62562,1.46044517188222e-06
26659,7.86062856344559e-15
29497,2.04802429957106e-12
4954,0.000158011937754572
7061,0.00069780931122435
49668,2.5054835062638e-07
55848,4.40366284854039e-06
9639,3.73306910307734e-05
29813,2.93827094141362e-23
29838,3.96018387480031e-16
49858,0.000112401924017945
54411,1.46044517188222e-06
29872,1.08308788202686e-20
31563,6.20403061614321e-19
22653,4.01377553896233e-13
15264,0.000112653076779995
53810,0.00115768749549229
19224,1.85877247215707e-11
7054,0.000679510421125064
54909,6.53483911830202e-07
12239,7.23665278789497e-07
50004,0.000190632735869229
25975,2.28773685272229e-16
29616,6.7363212476771e-07
16119,0.000126059524746718
29860,9.46085810933646e-16
3278,0.000245581443544315
42778,6.43969382553664e-06
7051,0.000163852923087056
17603,2.01411547760866e-16
1053,1.46044517188222e-06
8668,6.55711628379501e-07
52821,0.000228065476767039
26829,2.83726934058376e-14
61903,0.000217872274849998
3216,0.000183645983846832
55529,9.02487422035312e-05
52177,0.00020064015495875
24371,6.74854833681194e-11
50248,0.000485743522632715
29431,0.00528667264589065
29396,1.60931920538404e-18
26895,2.15952234653981e-16
27512,1.50619204361615e-07
22249,1.73029297811955e-15
62585,0.000113695882952805
30370,8.55446024053282e-14
15733,0.000614924478073551
2433,0.000183645983846832
23481,3.293673267394e-14
15243,1.46044517188222e-06
9288,5.92889700431844e-05
20972,0.02328606198734
8571,0.000232328044090631
23033,1.61057463587095e-14
61941,1.96645779734423e-06
9349,0.000293122935769315
14832,1.46044517188222e-06
56466,0.000165244054656826
9176,1.96645779734423e-06
29494,1.0634727429916e-16
15210,0.000203068028924116
40573,1.34106222162864e-06
54669,1.34106222162864e-06
17492,9.18686373004859e-11
37702,9.02487422035312e-05
23474,2.80517452750959e-23
53936,0.000398233960884524
55762,2.8452820368109e-05
29606,1.43808704371779e-19
21518,8.7923725997243e-15
19246,2.89417300110434e-10
56442,0.000685306081113222
55657,0.000308441497031426
14765,8.83243252646338e-05
12538,5.05102531323601e-08
28279,1.58202796775449e-14
52211,0.000315615093530683
52328,0.000112235437780923
63133,0.000112653076779995
49989,0.000873406863843359
17502,2.8937383852349e-10
54393,0.000155407993951671
26665,5.00188190757654e-16
5824,0.000112235437780923
23432,2.59493168165882e-14
29628,4.14102686236459e-10
29498,8.72291979302336e-19
42446,1.34106222162864e-06
15748,0.000196376798847587
28100,3.46191069656704e-18
62613,6.07494152150666e-05
56438,0.00079437075960136
29905,3.91412053430295e-21
53203,6.34237834190588e-08
15487,0.000155407993951671
33575,1.96645779734423e-06
40831,1.34106222162864e-06
51472,4.8068152702427e-06
20799,2.69182531989977e-08
6746,4.8068152702427e-06
3302,0.000245581443544315
52326,0.000112235437780923
30345,2.89427715926645e-10
20491,4.76041901576809e-09
7001,8.66397892433299e-08
50000,0.000344545118790417
28115,4.18169032083328e-14
22612,1.04261245990296e-12
31573,2.89373838523477e-10
14755,0.000167263782552057
49971,0.00137737917822678
33984,3.25238757605307e-05
27995,2.89417300110434e-10
4853,0.000155407993951671
22217,1.53732350777256e-14
53818,0.00100124460198387
43309,7.98959415074072e-08
17566,8.93217597299789e-16
20466,1.97682658978809e-14
5810,0.000112235437780923
19892,1.484102506379e-16
4370,0.000532788839392381
6116,2.5054835062638e-07
9593,2.5054835062638e-07
7320,1.34106222162864e-06
48653,0.000163852923087056
26907,1.50806871415059e-07
53967,2.69012307613373e-06
21329,3.09328319821044e-14
27035,1.57339272171125e-12
7165,0.000132380318283514
49994,3.25238757605307e-05
9679,0.000266281850126669
21949,4.10387286054417e-14
55203,0.000109228893249174
62912,1.96645779734423e-06
29151,4.26810574855549e-11
31581,1.63296208569555e-14
9713,0.000163852923087056
35124,3.36292858631517e-08
50294,0.000344545118790417
55250,6.09184054264696e-05
20484,4.62903111942568e-14
60761,0.000312321662024696
25819,1.53239819244315e-14
26707,1.50619282425745e-07
49763,2.0102779909059e-06
42078,0.000187669582372634
7345,0.000132380318283514
46024,9.02487422035312e-05
27433,1.00890678537264e-14
53824,0.000214514787765474
53931,0.000134376530210083
28238,3.21099854215114e-11
22130,3.2539951854794e-10
55028,0.000155407993951671
53703,1.6648623702224e-07
58016,0.000232328044090631
29495,5.88369489870688e-11
32607,1.62081770916154e-16
26610,3.23866640102923e-16
2209,6.53483911830202e-07
15731,6.55711628379501e-07
7102,3.25238757605307e-05
56250,3.4854128327931e-08
29421,7.62317576163331e-10
59365,0.000232328044090631
9449,0.000112235437780923
50247,0.000183645983846832
3272,6.09184054264696e-05
51387,0.00143257126447109
29913,8.02426935173373e-07
52199,1.95796559299837e-07
9635,0.000126059524746718
29509,4.97767195830938e-10
15985,0.000112653076779995
9383,0.000190632735869229
7989,3.25238757605307e-05
20495,9.5230976421736e-15
14173,8.83243252646338e-05
45001,1.96645779734423e-06
17591,1.98934780518967e-20
29417,2.96213727499208e-19
42084,6.27613494760281e-05
30350,7.68688607439574e-14
30735,5.74764850911993e-11
29901,3.63205457441804e-23
26930,2.03908565179822e-16
53968,0.000340034303362835
43654,9.56280805815149e-05
62626,9.02487422035312e-05
31539,2.90223827232619e-22
28139,7.33918842864137e-09
51779,3.25238757605307e-05
253,0.000182099830406736
31599,5.39118186809116e-15
45530,3.05385734711732e-14
50225,0.00048821882072778
3312,0.000149677487798174
27409,3.62453663376456e-11
49997,0.000210794929199713
17560,8.76574516668861e-14
58026,0.000232328044090631
29671,8.02696569776378e-07
15286,1.46044517188222e-06
53934,0.000288681352382836
2308,1.96645779734423e-06
29704,2.42420572613256e-10
10136,1.96645779734423e-06
14820,0.000361376044703176
26747,8.16587737998829e-15
22483,9.86349963711017e-15
60615,0.000155407993951671
49776,4.40366284854039e-06
7940,0.000309154912585951
29464,2.11500965155903e-05
55327,0.000112235437780923
26787,1.87698246731357e-10
21535,3.5676344505516e-14
22546,4.86571383801784e-11
29490,2.96264238312306e-21
26951,7.65032459389268e-14
63112,4.66901269277118e-08
55092,0.000126059524746718
35361,0.000532708152549154
56422,5.94287455946429e-05
21507,1.19584959013651e-14
17610,1.4164028249766e-10
61952,0.000261062012455956
3351,1.34106222162864e-06
56461,0.000183645983846832
56459,0.000187669582372634
26851,3.27684217010062e-11
8072,0.00382007467540383
42178,0.000151844004693792
50627,1.46044517188222e-06
52176,0.000109228893249174
26912,3.01981021986045e-14
31508,9.96607099326261e-15
52327,0.000112235437780923
64509,1.96645779734423e-06
62615,4.8068152702427e-06
53716,5.41023665398407e-08
7665,2.8452820368109e-05
36416,0.000155407993951671
9333,0.000126755587929108
9316,0.000155407993951671
53825,0.000167186558009957
4019,0.000155407993951671
24974,8.55446024053282e-14
24384,3.10412158700543e-12
29573,6.3523851588118e-13
25785,1.50619235877241e-07
27946,2.19976522075907e-16
42077,4.8068152702427e-06
56510,0.000112235437780923
29795,1.00601163146311e-11
27980,3.35785136019171e-14
8016,0.000239020468654249
16924,0.00729357441088677
14770,3.25238757605307e-05
23469,3.77064638963213e-16
61879,3.82929723207887e-06
63962,0.000159254730273126
3720,4.8068152702427e-06
23454,5.8180593339394e-14
15068,0.000163852923087056
6825,3.25238757605307e-05
26736,4.47674086852347e-14
23425,5.72865988767634e-14
26672,3.25964249029602e-14
19058,1.4847490133853e-16
26320,2.07183527278814e-14
25990,3.84505351490626e-16
3948,1.46044517188222e-06
51463,7.23665278789497e-07
20749,2.6918241014196e-08
14175,8.83243252646338e-05
53704,6.55711628379501e-07
26669,2.26065968759636e-15
6300,6.53483911830202e-07
30809,1.81219598110247e-11
25971,1.84409032437103e-14
15893,7.23665278789497e-07
49988,0.000881646503974129
23796,0.000284741953925419
50316,0.000411366084793489
7936,0.000392174795137976
55867,6.0141216034219e-08
27150,6.32800189150436e-11
23482,3.76703927737046e-16
30494,9.89868980644094e-05
4280,0.000112235437780923
9338,0.000190632735869229
20494,4.75929248324309e-09
3342,0.00104319886945014
22141,1.33095985671927e-14
9320,0.00171414668688544
29418,1.58646016457108e-05
55430,1.46044517188222e-06
60786,8.66397892433299e-08
9274,0.000190632735869229
15739,1.96645779734423e-06
10914,0.000203068028924116
27978,1.13361545493321e-19
22295,1.16523483905265e-16
29807,2.58235691105634e-11
31518,3.00086888557906e-10
29570,5.80369577608849e-07
52193,6.55711628379501e-07
15225,0.000158326821054901
22573,1.83143385541371e-14
7943,0.000471964309607582
27408,4.3578217895224e-14
29549,2.62117865821402e-13
17690,1.81819617195555e-14
29542,3.81609414504955e-10
7064,0.000501833391266199
23427,1.50806871415071e-07
28045,4.37644356371669e-11
26928,3.76714046345069e-14
28032,1.25783749606757e-14
24448,7.0098691523449e-16
22119,4.10428723918879e-14
25973,2.42150391454675e-14
65145,0
16321,0
6755,0
65170,0
29411,0
29647,0
30800,0
29801,0
64024,0
54940,0
541,0
22611,0
43374,0
29514,0
29653,0
29394,0
18589,0
29810,0
547,0
29723,0
27501,0
23490,0
29735,0
64454,0
49773,0
20989,0
29562,0
29640,0
54938,0
29532,0
22667,0
39382,0
35882,0
30483,0
36104,0
29438,0
31537,0
23056,0
29740,0
6678,0
22294,0
29688,0
30451,0
184,0
38158,0
29786,0
9920,0
20500,0
20510,0
542,0
54111,0
29584,0
22098,0
175,0
8233,0
29725,0
29820,0
24957,0
24695,0
29742,0
2146,0
21628,0
41683,0
29938,0
29757,0
53658,0
5055,0
29793,0
38786,0
29843,0
54950,0
37937,0
17718,0
53748,0
63111,0
30474,0
65036,0
62103,0
32440,0
26637,0
20202,0
42305,0
18294,0
29912,0
29416,0
62048,0
16685,0
57159,0
64455,0
32855,0
29915,0
54927,0
65062,0
20557,0
57028,0
29590,0
65143,0
40314,0
56977,0
16916,0
16843,0
26852,0
544,0
29797,0
3568,0
29710,0
29826,0
20750,0
6652,0
30464,0
19889,0
1866,0
29790,0
30463,0
29432,0
29870,0
16373,0
29553,0
28884,0
23499,0
29518,0
35880,0
29677,0
31408,0
26982,0
42310,0
1482,0
29805,0
40884,0
42268,0
29848,0
29433,0
62102,0
29709,0
29489,0
28007,0
19000,0
21684,0
29560,0
29566,0
1468,0
29403,0
29919,0
31444,0
852,0
397,0
53645,0
29408,0
21813,0
8268,0
29405,0
30080,0
29436,0
29664,0
21568,0
29631,0
25808,0
29449,0
22307,0
53744,0
89,0
30789,0
16486,0
38541,0
42313,0
29833,0
12782,0
42306,0
29475,0
53747,0
29930,0
54942,0
29507,0
29907,0
24451,0
274,0
63404,0
58620,0
37344,0
30473,0
851,0
29896,0
64953,0
40025,0
30468,0
29629,0
3056,0
1901,0
30481,0
29522,0
17573,0
540,0
1828,0
29567,0
18829,0
29137,0
65146,0
29586,0
29626,0
15713,0
7872,0
9935,0
21677,0
15699,0
30484,0
29778,0
29426,0
28369,0
34300,0
279,0
19037,0
62101,0
9978,0
50318,0
30082,0
30733,0
32872,0
21640,0
29929,0
855,0
16536,0
24542,0
53540,0
65114,0
62522,0
8478,0
29619,0
29623,0
22663,0
5367,0
27883,0
47390,0
57628,0
29831,0
5298,0
951,0
22645,0
53568,0
21603,0
53412,0
50009,0
567,0
15717,0
35559,0
26005,0
34314,0
36742,0
20822,0
29881,0
29782,0
45558,0
39085,0
22114,0
54910,0
12444,0
29095,0
11542,0
18199,0
854,0
3466,0
21601,0
18777,0
64975,0
16531,0
29867,0
29718,0
30783,0
21880,0
948,0
29451,0
24444,0
27924,0
29918,0
19044,0
29763,0
9187,0
29898,0
28807,0
573,0
13603,0
54928,0
53543,0
29926,0
65059,0
29458,0
62104,0
29714,0
49653,0
29524,0
29733,0
8219,0
45679,0
45738,0
88,0
37222,0
29673,0
27999,0
850,0
856,0
756,0
20167,0
34187,0
23180,0
1253,0
30459,0
15683,0
178,0
18206,0
686,0
853,0
42316,0
2927,0
21308,0
18221,0
8222,0
36901,0
41151,0
34299,0
30708,0
26997,0
