3028,1.63863623106669e-22
2265,3.59702142504878e-21
1101,1.5124088111917e-09
3323,2.3504052083008e-19
1789,1.23330053254671e-18
4083,6.04781124618169e-22
53057,1.61202082452212e-19
1820,3.82542350476461e-19
4059,1.00532754212453e-22
3652,8.91743580816668e-23
48000,1.72511658483476e-15
2627,2.17841837950476e-15
1060,7.07509292074854e-08
1478,1.87360230514346e-09
1543,5.39427838617865e-12
3367,1.19005513462754e-21
1229,2.88055009629647e-13
3715,1.11431154904425e-12
35889,1.29839319311741e-07
3911,4.03945350415565e-14
1726,5.58662129019625e-14
1116,1.58009367903241e-09
2206,5.18175947577537e-10
1487,2.42745397720016e-09
52736,1.61202082452212e-19
3924,3.93034435818174e-19
3142,2.80150143785848e-08
11330,1.29847468925024e-07
1009,1.61204265638866e-19
52714,1.61202082452212e-19
1582,6.79324626108022e-14
2452,2.90461202625218e-15
3054,5.46081839096934e-19
4845,3.87258285331212e-14
1065,1.14725412314877e-07
52537,1.61202082452212e-19
52536,1.61202082452212e-19
40622,1.66387559162574e-21
1333,4.67143118339496e-19
1783,4.82549310276364e-17
4035,4.03945350415565e-14
4667,9.17985289439393e-16
11337,1.29937804274261e-07
4910,2.06765506138119e-08
3045,1.46657204167904e-09
1389,4.04450950136815e-11
1364,1.46509546040822e-09
2266,3.59702142504878e-21
1275,2.37686405521708e-09
1982,7.12600065914462e-17
52742,1.61202082452212e-19
1606,3.53114220832254e-14
3242,1.58412997994724e-19
1264,2.17468725520426e-09
53200,1.61202082452212e-19
4728,9.58218035276627e-23
4145,1.34970775051156e-17
1528,1.54509100843538e-13
4360,9.58211220133271e-23
52746,1.61202082452212e-19
1374,1.46507582224156e-09
1981,7.12600065914462e-17
2363,3.00646119078037e-21
1139,1.09120041809951e-10
1000,1.61204265638866e-19
43057,1.66387559162574e-21
2542,1.67689150528005e-15
2230,9.81556060758671e-16
3012,3.66525982928422e-22
11349,1.29847468925024e-07
1800,9.88977376362891e-13
52713,1.61202082452212e-19
24895,1.29937804274261e-07
4976,2.06765506138119e-08
2183,4.6712383311428e-22
3384,1.00532754212137e-22
2211,5.18175947577537e-10
2753,2.90461202625218e-15
3979,2.55221553344325e-18
3082,1.03387941487119e-22
2179,3.47174431070159e-17
1427,3.39647873286559e-11
2992,1.20822728738431e-15
1542,0.00136747416513877
1551,2.63917124589992e-15
1296,2.53752081472978e-13
21,7.38905705374679e-11
3942,5.58675375957902e-19
1049,2.14986525214433e-07
3912,4.0394535041919e-14
40675,1.66387559162574e-21
1242,1.23137657051994e-09
4242,9.58211220138481e-23
1806,1.06035108722748e-14
2153,2.57718934627509e-11
3161,1.08897506319245e-14
2692,1.46469535377464e-09
2677,2.90461202625218e-15
1405,3.39553467740995e-11
2506,1.67689150528058e-15
2362,6.01301435494732e-21
1089,5.04594167760198e-08
1475,9.36870257678465e-10
3034,1.46598392564312e-09
1017,1.50908470403103e-20
3249,1.53901408182671e-20
3146,1.08897137314814e-14
2353,3.00656958395563e-21
3910,3.93034435818174e-19
1091,2.24459833132341e-08
1018,1.7629511406618e-19
2856,3.16731985687409e-12
3496,1.39388823492453e-20
1233,2.9275133635915e-18
2384,3.00651022637473e-21
4584,1.46188711185423e-10
1812,1.00010651892285e-12
43077,1.66387559162574e-21
13226,1.00415717373186e-11
11332,1.29847468925024e-07
1733,2.63763144578866e-15
3061,2.34081407924255e-21
13720,1.92312670002147e-12
3135,7.29976928854748e-16
2262,3.59702142504878e-21
4648,9.17985289436656e-16
3839,2.28407929677396e-17
3122,4.23872301201383e-17
1432,2.34849326201056e-08
2669,2.9046120680793e-15
1213,2.26721555816433e-09
1564,2.63829493341136e-15
1301,4.74161921267834e-14
2423,4.78948439758615e-21
1762,1.05433139351053e-15
1322,8.89012000471082e-15
1588,1.33273512584405e-13
2777,7.26140990817952e-16
53244,1.61202082452212e-19
4963,1.9362158835786e-14
1040,1.79102720835428e-07
1624,2.51982540280334e-13
4740,9.58238627928845e-23
1511,2.63753710164572e-15
53048,1.61202082452212e-19
4063,1.4658531021467e-09
1492,1.87360494756319e-09
1057,1.14396583770298e-07
1433,8.7255312659291e-15
52518,1.61202082452212e-19
3004,1.14240316659066e-09
3024,5.8811603887116e-13
4672,9.17985289436652e-16
1240,5.66248398395088e-14
52730,1.61202082452212e-19
1438,2.89011257532158e-15
1367,5.42668767028831e-15
1770,2.06765506138119e-08
1669,2.64491489979871e-15
1504,0.00136747510123884
3881,1.58797091128214e-17
4043,1.00532754212137e-22
3943,3.93034435818174e-19
2013,2.72132083041107e-22
1313,4.55014340022927e-14
3038,6.35817442974119e-13
1004,1.61204265638866e-19
11341,1.29847468925024e-07
1165,5.61962921853042e-14
3423,1.88828465966486e-13
2404,4.78948439758615e-21
1813,5.35894961534321e-16
11338,1.29847468925024e-07
3009,1.4661739623351e-09
45361,4.34595468421782e-11
3136,4.23896843288103e-17
52725,1.61202082452212e-19
2487,1.67689150528005e-15
1234,1.23135243685435e-09
3424,1.8882846596649e-13
3993,2.5522155384868e-18
1347,2.19423911516196e-14
3412,1.88829058787029e-13
3680,4.12630555871512e-18
3291,7.53269219621493e-18
3047,1.22393348061473e-12
3138,6.90038547153105e-16
4596,1.46188711185423e-10
2667,8.29106810248332e-10
1654,1.78758429265952e-12
52716,1.61202082452212e-19
1643,9.41394800829942e-13
1508,2.63753906559813e-15
1035,2.41125460507346e-07
1494,2.06765532513494e-08
1227,1.9157516113546e-11
1675,1.69983055233324e-13
1566,1.14157363129607e-09
2563,1.67689150528005e-15
1255,1.1295823814584e-13
1751,2.63753705239792e-15
1170,3.74945491537815e-08
11342,1.29847468925024e-07
41780,1.66387559162574e-21
2383,3.00651022637473e-21
1196,3.95275277885306e-14
1685,2.63753705234732e-15
1601,2.20224976398976e-14
3731,5.92229789103136e-14
52715,1.61202082452212e-19
111,0.00281025485958382
46185,3.29763511320594e-22
1297,1.91974668512341e-13
1886,6.72999707112575e-19
1617,2.20251738872369e-14
3843,2.28407929677396e-17
53054,1.61202082452212e-19
1277,1.25713029986979e-09
1521,1.21578616437396e-06
1121,6.5692044937722e-14
3865,1.58797091128214e-17
1016,1.76295112679177e-19
4240,9.58211220133271e-23
2269,3.59702142504878e-21
1218,1.14399258263636e-09
43119,1.66387559162574e-21
1444,0.00136747884574029
3415,5.02523125338794e-19
41755,1.66387559162574e-21
3245,1.53901408182671e-20
52723,1.61202082452212e-19
2377,3.00657566408597e-21
1849,1.29599941720428e-18
1192,2.8684487060545e-14
1436,1.87222215428705e-09
1360,4.00819566088644e-15
4715,2.28585422568237e-18
2657,8.29108988666712e-10
2163,2.57718934627509e-11
2514,1.6769039866287e-15
3747,3.16961061837365e-12
4629,1.46188711185423e-10
3951,4.03366576463333e-14
1027,9.88110742409616e-09
2708,2.33296637233085e-09
1030,5.32915975065272e-09
9303,4.07618278777875e-06
2663,8.29106810248332e-10
3548,0.00136747416513613
1195,4.70522309462781e-14
3389,1.00532754596525e-22
1661,1.04630260737727e-13
1434,1.87222504211915e-09
4247,9.5821122013911e-23
40677,1.66387559162574e-21
3178,8.91814920920092e-18
1046,1.10981930528767e-07
1191,1.12474144460584e-09
3674,1.11431154904425e-12
4862,3.87258285331212e-14
4496,3.53860091255406e-20
1728,5.58662129183357e-14
1676,2.95006065458409e-13
1076,0.00059987308210182
41806,1.66387559162574e-21
3355,1.93503623833334e-17
1831,1.29483195629343e-18
4364,9.58211220133338e-23
1539,5.552231133809e-10
1680,1.69983051296936e-13
1845,2.89092920313848e-18
1659,6.79903276060805e-14
3244,1.53901408182671e-20
1476,9.3617913024795e-10
2539,1.67689150528005e-15
1818,1.1418884855627e-09
4500,4.03226176431289e-08
53182,1.61202082452212e-19
4606,1.46188711185519e-10
2414,1.39578597170819e-18
1546,2.63917124590147e-15
2997,3.86776864555203e-21
1854,1.61857658387722e-18
2699,1.46469535377464e-09
53078,1.61202082452212e-19
3159,2.80150252682989e-08
2557,1.25804318918809e-20
4630,1.46188711185423e-10
2427,4.78948439758615e-21
4118,1.34970775051156e-17
37703,1.66387559162574e-21
1502,2.63753750863991e-15
2229,9.81556060758671e-16
3359,1.93491723281983e-17
1388,4.47870554197803e-12
3883,1.58797091128214e-17
2267,9.81565670594943e-16
1178,5.68208262083834e-14
43076,1.66387559162574e-21
3693,1.11431154904389e-12
4865,3.87258285331212e-14
1222,3.49815441888417e-09
1125,1.58010166533186e-09
1896,1.07930567125058e-20
2534,4.58251877036478e-15
3899,3.92548965415174e-22
2213,5.18175947577537e-10
3147,3.59394811014838e-08
1584,1.33273512584404e-13
3391,1.19005513462771e-21
1308,1.5730474401438e-10
1887,1.67039121885029e-18
4652,9.13136750521434e-22
3241,1.73803138812991e-19
40629,1.66387559162574e-21
1437,1.87222215672761e-09
1771,2.75782192386719e-08
4110,3.16742053902625e-12
1704,2.6375370607281e-15
1479,3.74652715931238e-09
3019,1.47570663975261e-09
53232,1.61202082452212e-19
40635,1.66387559162574e-21
2700,1.46469535377464e-09
4071,1.4658531021467e-09
4664,9.17985289436652e-16
4851,2.06765506138119e-08
3149,2.80150143785848e-08
43014,7.38640114512435e-15
2031,9.85783038545364e-09
1373,1.46507582220916e-09
1451,2.80838202569892e-09
53212,1.61202082452212e-19
1394,5.06272274312479e-15
1150,6.03713503579265e-14
1063,1.40293746466597e-07
2568,6.61980692160014e-14
1518,2.63753711752823e-15
4556,6.56320420878776e-16
1219,2.28624137798023e-09
2375,3.00651022637473e-21
10000,1.33670497010237e-06
3091,2.04608296110846e-17
2680,8.29109714860358e-10
2245,1.26015913595824e-16
40655,1.66387559162574e-21
4769,2.26975334593608e-17
2259,3.59702142504878e-21
3251,1.73803138812872e-19
2815,1.46603358655643e-09
2967,1.20822728738431e-15
1450,2.80838200732831e-09
1449,2.80838200732834e-09
1705,2.63753705244323e-15
1780,1.68510985102293e-18
2388,3.00651022637473e-21
2999,3.86776864555203e-21
2695,1.46469535377464e-09
4870,8.08704090992576e-18
2276,3.59702142504886e-21
2715,2.23107734588542e-13
1834,1.99126912428464e-14
4988,2.06765506138119e-08
30774,2.12355119464087e-07
1292,2.06768643626021e-08
1203,1.16142688160824e-09
2920,8.18570215171786e-13
2546,1.67689150528005e-15
4961,1.9362158835786e-14
1370,1.4650769878913e-09
1549,2.64079649017252e-15
1653,8.48827028881862e-13
2661,2.17841837950476e-15
3934,4.0394535041919e-14
1328,3.03917065984289e-14
1986,7.12600065914463e-17
3388,1.19005513462754e-21
3093,2.04607621014565e-17
2093,4.67132154718863e-22
3914,4.03949280759923e-14
4042,1.00532754212137e-22
53194,1.61202082452212e-19
3992,2.55221553344325e-18
35333,4.20097193160841e-08
7910,4.78991062359124e-15
2549,1.67791922546112e-15
11336,1.29847468925024e-07
4847,3.87258285331213e-14
1572,4.14240165117702e-14
1332,3.38910119171339e-14
1972,7.12600065914475e-17
52696,1.61202082452212e-19
3741,5.92229789103136e-14
3908,4.0394535041919e-14
4565,1.46188711185423e-10
3097,2.0460658713515e-17
1099,1.57987019043014e-09
3746,3.22883359728324e-12
53077,1.61202082452212e-19
2432,4.78948439758615e-21
2675,8.29106810248332e-10
1529,3.17506620656511e-15
1133,5.54541916306249e-16
2275,3.59702142504878e-21
4394,0.000136390458862379
1612,5.46949703511261e-14
43751,1.29839319311741e-07
2998,3.86776864555203e-21
1151,8.96464770160371e-14
3922,3.93034435818174e-19
3011,9.54688617625937e-22
3627,8.88324844799592e-23
3035,1.1669488984956e-22
389,0.866217631413431
1557,2.64079649014899e-15
4705,2.28606055787518e-18
2284,9.81562073573518e-16
4589,1.46188711185423e-10
40678,1.66387559162574e-21
1385,4.47261346445085e-12
3968,4.02935157566035e-08
3716,1.17353452795384e-12
53067,1.61202082452212e-19
11312,1.29847468925024e-07
4674,9.17985289436652e-16
1786,1.06047960839301e-14
1763,6.79129356181794e-20
2610,1.67689150528005e-15
1686,2.63805287535266e-15
3962,4.03368232860706e-14
1655,2.63753705234765e-15
2117,2.00879048486449e-14
4007,2.55221553344325e-18
1197,2.15108629255124e-14
1472,5.19602499996526e-14
1254,2.931419192397e-14
53037,1.61202082452212e-19
1700,2.63793701736045e-15
2367,3.00657566408597e-21
1287,2.09913770099466e-08
1574,1.00605589930944e-13
2674,8.29109714860358e-10
1637,2.63753705242251e-15
4599,1.46188711185423e-10
17024,7.38640369861085e-15
1788,5.18841000573428e-20
1279,1.5800311564371e-10
51329,7.38640369861085e-15
53210,1.61202082452212e-19
52739,1.61202082452212e-19
4716,5.16226610182497e-21
1028,1.04989903223737e-13
53238,1.61202082452212e-19
4352,1.20552073976547e-22
3872,1.58798575229057e-17
4623,1.46188711185438e-10
2171,8.26677694908892e-18
1038,2.40935667634649e-08
52721,1.61202082452212e-19
2226,5.18175947577537e-10
1994,2.34908787433592e-22
3137,2.88894369823246e-20
1943,1.07363567215329e-17
1261,1.77443002810864e-10
1144,3.6352575942818e-08
7188,1.60982138337445e-11
3978,1.65639757890568e-19
43699,1.66387559162574e-21
1363,1.46509003857891e-09
1580,6.79324635121579e-14
3074,1.05246428932339e-22
22,2.13173951762813e-21
1950,2.57718934627509e-11
3643,8.88118547063113e-23
3990,2.55221553344325e-18
2094,6.72800062624119e-19
4407,1.1737412366894e-21
3006,1.20822907773998e-15
3049,6.35817449797377e-13
3013,6.47438849109732e-22
1870,1.67037820139099e-18
52553,1.61202082452212e-19
1266,5.99894632804829e-10
1015,1.76295112679177e-19
3998,2.55221553344325e-18
1710,2.63753705245334e-15
3055,3.09189264578585e-17
3991,2.55221553344325e-18
41779,1.66387559162574e-21
2002,7.02044883832031e-22
3848,2.2840793330243e-17
2679,2.90461202625218e-15
1300,1.21416488766373e-13
1206,2.35791384224467e-09
2242,6.19107845520782e-17
1562,4.13633791542196e-14
3913,4.03949280756298e-14
4964,1.9362158835786e-14
1384,4.48612364579791e-12
4572,1.46188711185423e-10
4610,1.46188711185423e-10
2454,2.90461202625218e-15
1837,2.06765705265031e-08
11320,1.29847468925024e-07
53203,1.61202082452212e-19
2588,1.67689150528005e-15
1249,2.65989212580259e-10
3302,7.39393383732572e-15
52744,1.61202082452212e-19
1883,6.72800054302514e-19
1177,7.8154590675651e-14
2227,5.18175947577537e-10
3918,4.03949280759923e-14
1466,0.00136748127527048
4853,3.87258285331215e-14
11323,1.29847468925024e-07
1326,1.1748215433433e-09
1411,3.39529683148266e-11
3052,1.46598392564096e-09
1547,2.63917124587635e-15
1695,2.6375370607281e-15
445,0.950093794006293
4544,6.56320420878776e-16
11333,1.29847468925024e-07
1160,1.57622897847233e-14
1324,1.46525043048243e-09
4949,1.93621588507345e-14
88,0.0139262038496293
1161,1.1247790958786e-09
1084,4.24726446974581e-08
2921,8.18570215171776e-13
1497,2.06765532562335e-08
1774,5.18822243229107e-20
3797,4.12630555871512e-18
1888,6.72842736145683e-19
1199,4.55548601745169e-14
16548,2.98208745129506e-21
11325,1.29847468925024e-07
4309,2.11091502225259e-12
1119,1.51210505299685e-09
1801,9.8897777629065e-13
52743,1.61202082452212e-19
41803,1.66387559162574e-21
1548,2.64079649014901e-15
1074,2.35037073727997e-07
3145,1.08897137314814e-14
53072,1.61202082452212e-19
3401,5.0252312533879e-19
2598,7.43415360277239e-17
1513,2.67954720874756e-15
53240,1.61202082452212e-19
3318,2.30019935070197e-19
3356,1.19005513462754e-21
2415,1.39099648731061e-18
3041,6.9003854715317e-16
1080,6.2278049101741e-08
1420,2.1436826429921e-14
1087,3.47055788390348e-09
1532,2.64079649017257e-15
1727,2.83284110838148e-08
53058,1.61202082452212e-19
1288,1.57525310842258e-10
59235,1.66387559162574e-21
3290,7.53269219621493e-18
27954,2.52264638984921e-19
4577,1.46188711185423e-10
4849,3.87258285331212e-14
4858,3.87258285331212e-14
1124,9.7962168629521e-15
1231,1.34511351052954e-13
3001,1.20822728738431e-15
3995,2.55221553344325e-18
2987,1.20823115515296e-15
1269,1.25708078451741e-09
4473,3.53860088033402e-20
3312,2.30019935069756e-19
3828,1.3497077867619e-17
2672,8.29109714860358e-10
1465,3.6811920531125e-09
1048,1.4992604391091e-07
1043,7.92335866812471e-08
1253,8.44549129900787e-10
3270,6.59138492709754e-22
35341,4.20108756945619e-08
1348,5.09979991983542e-16
1879,6.72873337965571e-19
3682,3.21647694645519e-18
1732,2.63753705302809e-15
2515,1.6769039866287e-15
1640,2.63766809940308e-15
3310,2.30019935069756e-19
11321,1.29847468925024e-07
3895,3.93034435818174e-19
52548,1.61202082452212e-19
1403,1.90617132457816e-09
1864,1.67037820139114e-18
4114,1.34970775051156e-17
1587,2.63755043432166e-15
1578,1.71999355535321e-13
3351,1.21569940630372e-21
1071,2.2109749929724e-07
40641,1.66387559162574e-21
2550,6.78759759601138e-14
1295,1.0129487451188e-13
1335,2.90876922903321e-14
3254,1.5841299799461e-19
1742,2.63753705239792e-15
1829,1.29483195629343e-18
1425,1.90616626184564e-09
1293,2.06768649266458e-08
1473,4.29978574590308e-09
2673,8.29109714860358e-10
53226,1.61202082452212e-19
1768,5.7140297355825e-16
52745,1.61202082452212e-19
52544,1.61202082452212e-19
1188,1.87579937860096e-12
1003,1.61204265638866e-19
4607,1.46188711185423e-10
52750,1.61202082452212e-19
3925,3.93034073314798e-19
1489,0.00136747544373224
1987,7.12600100389177e-17
4658,9.17985289436652e-16
3849,2.28407929677396e-17
1117,8.72857416230425e-14
2376,6.01303685486634e-21
11331,1.29847468925024e-07
11344,1.29847468925024e-07
2652,2.17841936625122e-15
1847,2.89088313039914e-18
2167,2.57718934627509e-11
3690,4.11799765333284e-20
2554,1.01523883241825e-18
5113,3.16961061837328e-12
1911,7.38640495245274e-15
1736,2.63763144578866e-15
53043,1.61202082452212e-19
1708,3.39073353665126e-15
3703,1.11431154904425e-12
1366,1.48647555994297e-14
1715,3.39073353655535e-15
3157,4.1628134516201e-18
3973,4.03366576463127e-14
1081,7.53869407418103e-08
1858,1.59609729744131e-18
2778,7.26140990817952e-16
46188,6.65946213549387e-13
1134,2.1477295035495e-13
1175,7.73992605264578e-14
2671,2.9046120680793e-15
3342,2.30045579341432e-19
4678,9.17985289436652e-16
1153,6.03493744499542e-14
1555,2.63917124587634e-15
1317,1.12542502279657e-09
4570,1.46188711185423e-10
2428,4.78948439758615e-21
53055,1.61202082452212e-19
1527,2.6391721539608e-15
2962,7.38640114512951e-15
1804,9.99571857262033e-13
2531,1.67790674411285e-15
2526,1.02772018106942e-18
2217,5.18175947577537e-10
4738,9.58211220133271e-23
1723,2.63753706631926e-15
11311,1.29847468925024e-07
4657,9.17991269018383e-16
2184,4.6712383311428e-22
3581,7.38640114515014e-15
53046,1.61202082452212e-19
3436,1.00532762249443e-22
2096,6.72800062624119e-19
1759,1.05433139360462e-15
4980,1.61902335589051e-13
52540,1.61202082452212e-19
1285,1.12900034071847e-13
1632,1.20695931424423e-12
1747,2.63753705239792e-15
1201,1.14233664936616e-09
1628,1.19073242622368e-12
1734,2.63763144578866e-15
1463,2.06766025785125e-08
1647,2.63763516913627e-15
1414,3.39499513380224e-11
1836,1.99142720857735e-14
3875,1.58797091128214e-17
3132,3.99390539923957e-17
3118,1.37530347069895e-21
47826,4.34595468421782e-11
43055,1.66387559162574e-21
1530,2.6407973982308e-15
1429,1.90616626533535e-09
1865,9.88968783468092e-13
52754,1.61202082452212e-19
48027,1.72511658483476e-15
40646,1.66387559162574e-21
53073,1.61202082452212e-19
1141,3.16133801338124e-13
1989,2.34908786170865e-22
997,1.61204265638866e-19
52735,1.61202082452212e-19
1699,2.63753708960449e-15
40667,1.66387559162574e-21
1123,1.06774535458364e-14
41765,1.66387559162574e-21
4367,9.58211220133271e-23
2709,2.33296469543935e-09
52722,1.61202082452212e-19
3842,2.2840793330243e-17
1698,2.63753941935054e-15
4581,1.46188711185435e-10
3846,2.2840793330243e-17
2372,6.01303685486634e-21
11348,1.29847468925024e-07
1792,1.23593715885142e-18
3232,9.02974186678088e-20
3997,2.55221553344325e-18
41783,1.66387559162574e-21
1630,2.51982671253907e-13
3955,4.03366576463127e-14
3959,4.03366576463127e-14
1607,5.46983012225307e-14
1056,1.07650754705263e-07
1672,1.69983121227728e-13
1156,1.58151166055125e-14
41740,1.66387559162574e-21
2983,3.86776864555203e-21
41802,1.66387559162574e-21
1830,7.58060170759817e-21
1412,2.89499627641471e-15
2535,1.67790674411247e-15
1137,8.33567420161145e-21
1701,2.63753711749491e-15
4579,1.46190118702782e-10
1516,2.63753796044807e-15
3400,5.0252312534354e-19
53079,1.61202082452212e-19
3170,3.65082465763791e-20
3364,1.9350362383333e-17
4647,9.17985289436652e-16
3117,1.37214976006716e-21
2536,1.67790674411247e-15
3042,2.58189188411904e-22
4868,3.87258285331214e-14
1499,2.64242158675366e-15
3931,4.03945350415565e-14
1484,0.00136747787255449
1211,2.26734880952848e-09
1460,2.42882696811423e-09
2312,6.19107845520782e-17
1491,2.637537209388e-15
1706,2.06765859244763e-08
4371,1.47759605046118e-22
52720,1.61202082452212e-19
1561,2.63753714624565e-15
1790,1.06047441727728e-14
3085,1.03387941487119e-22
3285,7.53269219621493e-18
3120,6.90193840585838e-16
11347,1.29847468925024e-07
2989,1.20822728738431e-15
3340,2.3141732203809e-19
2981,1.20822728738431e-15
40642,1.66387559162574e-21
2027,9.85783038545367e-09
3155,2.80150143785848e-08
3062,2.57184375241832e-21
3339,1.1107220919018e-20
1798,1.06035108722748e-14
1452,2.80840266072675e-09
1381,8.56215249961297e-13
1382,4.47261344885025e-12
3686,4.12630555871512e-18
1537,2.63917124587634e-15
1993,2.34908786170865e-22
1505,2.63997909595821e-15
11314,1.29847468925024e-07
1006,3.22406348091078e-19
2406,4.72418197660154e-20
4635,1.46188711185423e-10
1602,2.20217399291639e-14
443,3.26990498329187e-05
4568,1.46188711185423e-10
1658,1.10873293727222e-12
2207,5.18175947577537e-10
5362,4.79003371607129e-15
4256,9.58211220133846e-23
43083,1.66387559162574e-21
1517,2.67954043610342e-15
4939,2.06765506138119e-08
1639,9.41387423069242e-13
53193,1.61202082452212e-19
1235,7.17808508926585e-14
1265,2.98321765221275e-09
4551,6.56320420878454e-16
4362,9.58211220133271e-23
1873,1.67039121885029e-18
4861,3.87258285331212e-14
1893,3.99945082415582e-19
2074,6.19107845606242e-17
1052,6.58483966806983e-08
3078,1.03387941487119e-22
3036,1.46598392564327e-09
1755,2.63753705260671e-15
3162,1.08897502397288e-14
1850,1.596049683538e-18
1869,9.97578147088478e-19
1839,1.39136306308709e-18
1815,1.14186910876642e-09
1501,2.06765532562332e-08
3928,1.65639757890568e-19
47991,1.72511658483476e-15
4821,9.13136750521645e-22
2395,4.78948439758615e-21
1956,2.57718934627509e-11
1341,3.21339728531845e-14
1270,8.95988577364108e-10
1738,5.58663072821126e-14
1525,2.64079649015173e-15
53227,1.61202082452212e-19
2990,1.20822728738431e-15
1753,2.63754489220828e-15
11315,1.29847468925024e-07
1344,4.88110389071564e-14
1342,1.32649857801886e-13
1860,9.97582273403097e-19
1128,5.39175223713231e-14
3933,4.03945350415567e-14
1002,1.61204265638866e-19
3058,1.05111845250933e-21
3022,5.88116038278429e-13
4602,0.00013639060505109
1312,1.46541083366804e-09
52753,1.61202082452212e-19
1591,1.91383557558425e-13
1050,1.58991296509061e-07
1684,2.06765532513561e-08
1764,5.37646387099483e-14
1581,2.63753794226241e-15
2655,8.29106810248332e-10
3365,1.9350362383333e-17
3357,1.19005513462754e-21
3399,1.88828465966486e-13
4668,9.17985289436652e-16
52511,1.61202082452212e-19
3897,3.93034435818174e-19
1867,1.67037820139099e-18
3675,1.11431567534908e-12
4582,1.46188711185423e-10
1310,3.98184548664976e-15
2664,1.38999117732704e-18
3425,1.88828465966486e-13
45916,4.34595468421782e-11
1767,5.71402973574685e-16
1510,2.63753835423925e-15
3575,2.24902494058581e-21
1730,2.63763144573806e-15
1696,2.63753708960159e-15
2280,4.6870207701219e-21
52040,7.38640114512951e-15
2450,2.90461202625218e-15
1983,3.73047896377553e-21
3551,1.17771913334364e-12
1198,6.56963502794906e-14
1115,3.06783144607196e-10
1327,4.15555945725664e-18
2086,1.93558500340718e-21
3348,8.82786348176011e-18
1646,2.63753705234732e-15
1262,1.79758504139774e-09
4855,3.87258285331228e-14
1282,9.41150872834019e-10
3920,3.93034435818174e-19
2214,5.18175947577537e-10
3325,2.30019935070646e-19
2025,9.85783038545364e-09
2996,1.20822728738431e-15
2218,5.18176929133597e-10
2350,3.00646119078037e-21
3963,4.03366576463127e-14
1142,3.63415989181937e-08
2374,9.81562073730088e-16
2170,8.26677694908892e-18
1805,1.06035108722748e-14
8765,6.01276515308598e-07
1615,5.46983012073842e-14
1483,4.6436021850477e-09
11313,1.29847468925024e-07
1413,7.9528286770041e-15
4656,9.17985289439393e-16
1008,1.61204265638866e-19
1055,8.57325112101587e-08
1642,2.64504586009691e-15
1406,1.90617132947473e-09
1652,2.63753705350309e-15
2197,5.18175947577537e-10
1353,1.12542820038521e-09
1745,2.63753705239792e-15
2400,6.24088755635149e-21
1392,3.48025753992219e-11
1248,2.65310393670151e-10
40640,1.66387559162574e-21
1169,5.97309127306787e-14
3040,1.46598461567959e-09
1565,1.14157363128292e-09
1075,1.12812883110734e-07
1323,3.50215794161514e-15
1852,9.88968407921796e-13
1291,1.50977457541688e-13
11316,1.29847470631694e-07
1238,1.6146612795147e-11
2402,6.61252169053839e-21
1960,2.57718934627509e-11
49980,1.72511658483476e-15
3767,6.22070608715312e-21
2235,9.81556060758671e-16
40664,1.66387559162574e-21
1461,5.2372254360774e-09
4654,9.17985289436656e-16
1711,2.83283578551389e-08
3969,4.03366576463127e-14
52501,1.61202082452212e-19
35340,4.2040102811263e-08
3655,8.8811854706312e-23
1309,4.35952650920589e-14
40639,1.66387559162574e-21
1851,2.89087900408467e-18
1221,2.26714954511201e-09
3256,1.58412997994647e-19
41757,1.66387559162574e-21
4111,4.1915026859122e-12
1716,2.63753706566676e-15
3591,4.7048057074472e-17
1459,5.7924293929522e-09
2994,3.86776864555203e-21
2292,6.01281484684238e-21
1610,2.20225957192668e-14
40673,1.66387559162574e-21
1641,2.63753708960159e-15
1560,2.63916699918073e-15
4574,1.46188711185423e-10
3684,1.11398510249823e-12
2473,7.26140990817952e-16
1158,4.89793040460366e-18
1182,1.91529762047545e-12
11328,1.29847468925024e-07
11339,1.29847468925024e-07
1237,1.23143241352054e-09
35315,4.20097193160841e-08
4942,1.9362158835786e-14
1041,2.33733867684053e-07
999,1.61204265638866e-19
1714,2.63753705350309e-15
1126,5.2603154386777e-14
3296,7.53269219621493e-18
1579,2.69817435226933e-15
1278,9.41619393938548e-10
4684,9.17985385257774e-16
4003,2.55221553344325e-18
3015,5.88116042115941e-13
1445,0.00136747884574029
2393,3.00651022637473e-21
993,1.08573150419661e-13
3119,4.23872301201383e-17
5281,4.03226176431289e-08
2159,2.57718934655783e-11
1724,5.58663072954038e-14
1636,1.61008837432837e-11
3151,2.80150143785848e-08
1147,4.50618223349726e-14
3736,5.92229789099511e-14
2272,3.59702142504884e-21
1398,3.48062196297232e-11
1668,1.04630260746077e-13
1311,1.46526295053739e-09
53066,1.61202082452212e-19
1205,1.16150580911208e-09
3856,2.28407936980515e-17
1559,2.6375372215406e-15
4771,3.50004102332432e-17
47990,1.72511658483476e-15
1890,6.7282971920767e-19
1268,7.38760309125911e-10
11334,1.29847468925024e-07
1743,2.63763147540244e-15
1336,4.83064206627858e-14
52527,1.61202082452212e-19
1679,2.63753705785481e-15
3397,5.0252312533879e-19
2519,1.01523883241825e-18
1286,2.09913338947144e-08
4583,1.46188711185423e-10
1172,1.14227949153742e-09
1586,1.06658304844266e-13
3877,1.58797091128214e-17
1356,2.59052252386106e-09
4575,1.46188711185423e-10
1256,2.11508150520148e-08
1149,1.91884916432857e-12
11335,1.29847468925024e-07
3265,1.58412997994605e-19
2533,1.67689150528065e-15
3030,1.46598392564352e-09
3037,6.36507481456224e-13
53081,1.61202082452212e-19
4859,3.87258285331212e-14
4744,9.58211728992963e-23
1404,1.90617132456384e-09
3064,1.37217103555895e-21
1583,1.65946640040702e-13
1485,2.21472799445614e-09
3727,5.92229789103136e-14
3868,2.28408755312412e-17
1719,2.6375370665705e-15
2370,6.01303685486634e-21
3050,9.68665768391199e-22
52492,1.61202082452212e-19
1593,1.52657715461062e-13
2198,5.18175947577537e-10
43086,1.66387559162574e-21
1393,3.4800129958596e-11
1307,4.75766421173473e-14
3884,1.58797091128214e-17
2547,1.67689150528005e-15
1094,2.24358128570853e-08
4557,6.56320420878454e-16
1390,3.84167220324649e-11
3134,3.99383817016429e-17
4661,9.17986202573403e-16
1077,8.55384491177626e-08
1086,4.47400893139111e-08
3960,4.03367557686849e-14
4356,9.58211220133271e-23
1756,5.58662128888208e-14
1713,2.83284110838148e-08
1558,2.63916675497448e-15
4867,3.87485260665805e-14
1866,1.67037820139114e-18
1471,4.30045621884162e-09
3246,1.58412997994605e-19
1585,2.06767226131666e-08
4962,2.06765699759707e-08
52734,1.61202082452212e-19
1515,2.67954043613475e-15
4354,1.01535347044839e-22
1988,7.12602414693288e-17
2152,6.20796397357313e-11
41761,1.66387559162574e-21
1193,1.87732459770469e-12
1305,4.13001705234964e-14
53061,1.61202082452212e-19
48619,1.29847468925024e-07
1616,3.53140983307192e-14
1189,6.78450506262439e-15
1334,1.31347034043865e-13
787,9.65311573897776e-20
2660,2.17841837950476e-15
1036,5.57023377066872e-08
4051,4.03945350415565e-14
40647,1.66387559162574e-21
1760,5.42830072299286e-14
1609,3.53114245153873e-14
1722,2.63753709530287e-15
1315,1.46526644052522e-09
43101,1.66387559162574e-21
1455,5.55236573695976e-10
1687,2.63805287535266e-15
2394,3.00651022637473e-21
1037,4.92758409045601e-08
1395,1.09166367002141e-12
3090,1.70897569655429e-22
1239,3.41685853967698e-14
1540,2.64079675102258e-15
1212,2.26728190320548e-09
3954,4.03366576466752e-14
1608,2.20225957192574e-14
1503,9.36102714144796e-10
1570,6.79324627471796e-14
9796,6.89028009838219e-22
2826,1.46603358655643e-09
1456,3.91884774371335e-09
1482,4.64298919608662e-09
3114,1.37174269665758e-21
1208,1.14240626317572e-09
52532,1.61202082452212e-19
4588,1.46188711185423e-10
52718,1.61202082452212e-19
3299,1.08972464236776e-14
52749,1.61202082452212e-19
1589,1.33289725960898e-13
4576,1.46188711185423e-10
3935,4.03945350415565e-14
43069,1.66387559162574e-21
3099,2.0460710408453e-17
3168,3.65082465763791e-20
1424,1.8722229234995e-09
11345,1.29847468925024e-07
3366,1.19005513462754e-21
1454,3.36362089044938e-09
1791,1.23329991837371e-18
4567,1.46188711185423e-10
1538,5.55223115005883e-10
1331,4.52552420989834e-14
3936,4.0394535041919e-14
52711,1.61202082452212e-19
3320,2.30019935069756e-19
1674,2.950060655031e-13
1495,2.06765532513497e-08
1167,7.24642425480808e-14
1042,1.03821264495477e-07
4676,9.17985289436652e-16
40682,1.66387559162574e-21
2510,1.01523883241825e-18
1848,1.29600387420193e-18
1439,4.88383869704325e-18
3996,4.03945350415565e-14
30395,1.29839319311741e-07
2056,4.67132154925293e-22
3714,5.13469682041752e-19
1692,2.63805291387485e-15
1946,4.43915808028619e-11
2551,1.67689150528005e-15
1143,2.46451001764054e-14
4604,1.46188711185535e-10
1545,0.00136747416513877
1174,5.67179508631592e-14
1512,2.6375371005949e-15
1092,4.38127591493481e-08
4735,9.58211220133271e-23
3179,8.82783783748844e-18
1614,8.73772067303263e-14
1369,3.8339584732336e-18
1627,9.41387423032062e-13
1490,0.00136747416513719
1746,2.63753705239792e-15
4721,9.58211220133271e-23
1519,7.83475873428551e-13
2366,6.01307979265857e-21
1419,2.06568776871577e-14
4612,1.46188711185423e-10
2301,5.07024692115583e-21
2082,1.73013197755877e-21
4562,6.56320420878454e-16
53076,1.61202082452212e-19
5060,7.38640369861085e-15
53239,1.61202082452212e-19
3021,5.88116038389999e-13
1162,1.17535322975839e-13
996,1.61204265638866e-19
49982,1.72511658483476e-15
2399,4.78948439758615e-21
3257,1.53901408182671e-20
1105,6.30283671653558e-10
1707,2.63753705350309e-15
3032,1.4659839256413e-09
3307,7.7627121312847e-18
2543,1.67790674411247e-15
1396,1.90702837287155e-09
3426,1.93491723282031e-17
2185,4.6712383311428e-22
3387,1.19005513462754e-21
4002,2.55221553344325e-18
1399,3.39492843849948e-11
1299,1.57355595563516e-10
52503,1.61202082452212e-19
3283,7.53269219621493e-18
2233,9.81560104371569e-16
4491,3.53860088033472e-20
1835,1.99126912427958e-14
11329,1.29847468925024e-07
3705,1.11431154904425e-12
2704,1.46469535377464e-09
2694,1.46469535377464e-09
2220,9.81557457383352e-16
135,0.999127386124722
1047,2.14480841539116e-07
2555,1.01523883241825e-18
1821,2.04488722146192e-14
2834,3.16961061837328e-12
4569,1.46188711185423e-10
3010,1.46598392564167e-09
2216,5.18175947577537e-10
52542,1.61202082452212e-19
1031,2.16667171789543e-07
3363,1.93491723281984e-17
1833,1.99126912428464e-14
1033,2.9278626280333e-07
1875,1.87914292064775e-19
1811,1.06035108722748e-14
1019,1.76295112679177e-19
3850,2.2840793330243e-17
1304,4.13026122088763e-14
1377,4.88567609606538e-18
1400,3.84228925750678e-11
2005,1.2100036311182e-19
3247,1.08898875346202e-14
1104,6.30217417549408e-10
1556,2.64079649014906e-15
1375,8.56210366602664e-13
4141,1.34970775051156e-17
2158,2.8273925697922e-21
1469,3.36360663506438e-09
3395,5.0252312533879e-19
1337,6.25276741956924e-14
4680,9.58211220133271e-23
4700,9.58211262764967e-23
139,0.77914127591778
2705,1.46469535377464e-09
143,2.79445943945635e-15
52751,1.61202082452212e-19
1656,2.06766186041395e-08
2296,6.01281484684238e-21
3852,3.16686311677314e-17
1251,8.7825212785075e-14
4561,6.56320420878776e-16
2567,1.67689150528005e-15
43110,1.66387559162574e-21
1109,7.83763626621801e-10
53221,1.61202082452212e-19
37175,1.29839319311741e-07
4691,1.40751735938793e-15
2980,1.20822728738436e-15
1826,2.86011122622924e-19
1784,5.18822243219829e-20
1998,2.3732979798287e-22
1554,2.6391713110593e-15
38372,1.17771913334364e-12
1014,1.7628703483598e-19
48022,1.72511658483476e-15
1498,2.64242119237184e-15
1877,1.13745924106147e-17
1263,2.83228118636819e-09
4702,9.58211220134142e-23
4140,1.34970775051156e-17
4585,1.46188711185423e-10
55091,1.66387559162574e-21
1281,3.14771711318356e-10
1782,4.51809983246752e-19
3337,1.1107220919557e-20
3236,1.58412997994605e-19
4143,1.34970775051156e-17
1531,2.63917124587635e-15
1702,2.63753708960152e-15
1023,1.50912742060658e-20
1140,1.09151486815315e-10
1754,2.63753705239792e-15
3158,4.16281344278813e-18
3689,9.34363724665415e-18
1840,1.29483190569975e-18
1571,2.63916694176324e-15
3658,1.97363237183138e-17
1758,1.05433139372188e-15
1428,3.49122171856637e-18
1985,7.1659934350371e-17
3060,2.49236563945675e-21
4603,1.46188711185423e-10
1681,3.1739478415489e-15
1246,6.46930772864569e-14
1386,6.09700031088543e-15
53228,1.61202082452212e-19
1748,2.75782192386719e-08
4613,1.46188711185519e-10
1064,7.69602924267015e-08
1215,1.14416970882322e-09
2424,1.25520861628772e-21
1712,2.83284110838148e-08
1223,1.14539635678251e-09
3087,1.53918536325434e-19
1500,2.06765532688511e-08
1232,7.99752356757386e-14
4852,2.06765893396404e-08
1358,1.46511396705477e-09
3056,3.03760317872037e-17
1673,2.29653276798646e-13
1276,1.25608784912711e-09
2224,1.0736293237869e-17
2359,3.00652662849162e-21
53063,1.61202082452212e-19
1863,6.72800204952311e-19
1258,1.77324490833256e-10
2277,9.60983627189116e-21
53059,1.61202082452212e-19
2701,1.46469535377464e-09
3416,5.0252312533879e-19
2449,2.90461202625218e-15
2426,4.78948439758615e-21
4571,1.46188711185423e-10
1152,1.0682958600871e-13
1226,1.13767346837013e-13
3679,4.12630519621175e-18
53223,1.61202082452212e-19
4970,1.07923609264388e-20
3441,1.93532459160689e-17
52525,1.61202082452212e-19
1605,3.5310762452006e-14
3130,6.90039151936714e-16
3885,1.58797094753248e-17
4860,7.94985362159173e-13
4747,9.58213398851055e-23
52549,1.61202082452212e-19
1524,2.64079739823078e-15
5283,4.02934754199459e-08
1691,2.63753709087299e-15
1522,0.00136747416513877
3297,7.53269219621493e-18
1599,1.20099230597707e-13
1935,2.28001852887317e-07
3148,3.59394811014838e-08
5730,7.16496051203867e-17
3362,1.93503623833338e-17
1007,1.61204265638866e-19
1874,1.67039534516409e-18
3176,8.82783783748869e-18
2223,1.0736293237869e-17
2537,1.67689150528005e-15
3375,1.19005513462754e-21
4573,1.46188711185423e-10
3867,1.58797091128214e-17
994,1.61204265638866e-19
1011,1.7628703483598e-19
1435,1.20442765582932e-18
1184,2.39711435066899e-14
1186,1.91840381532863e-12
1387,1.87755181012009e-09
3730,5.92229789099511e-14
2541,1.67689150528005e-15
3133,3.9938381701643e-17
3566,3.83095164337868e-21
1148,1.89388417703891e-12
4723,9.58211220133271e-23
1506,2.63753749952438e-15
5911,1.29937804274261e-07
1378,2.15804590011047e-22
3382,1.29058788883968e-21
53187,1.61202082452212e-19
1536,2.6391712458764e-15
4979,7.56259533626052e-13
3020,1.46613714132658e-09
1001,1.61204265638866e-19
1183,1.89629301838363e-12
2318,9.81556060758671e-16
1735,2.63763144578866e-15
1678,1.6998356713489e-13
1552,2.64079649015068e-15
1533,2.75781660132564e-08
1135,1.48904333832258e-13
3409,5.02523125338803e-19
1817,6.58888733785656e-14
1062,1.56847404998587e-07
1447,2.18914853283664e-09
1889,1.67037820139166e-18
1626,2.64021329986261e-15
1448,2.18914853283344e-09
53060,1.61202082452212e-19
53190,1.61202082452212e-19
4566,1.46189367505844e-10
1644,9.41394800829942e-13
2413,4.78948439758615e-21
52719,1.61202082452212e-19
1107,6.30502605604217e-10
1739,2.63763144578866e-15
4244,9.58211220138481e-23
4132,1.34970775051156e-17
2368,6.0129714171551e-21
11999,4.55213174537597e-08
1355,1.12542227472399e-09
2678,2.90461202625218e-15
53041,1.61202082452212e-19
2417,4.78948439758615e-21
1657,2.06766186041395e-08
2040,9.86496005322737e-09
1361,3.00121937944303e-21
4250,9.58211220133271e-23
1236,4.23632500233012e-14
1622,3.53133406199921e-14
2126,2.2647508389618e-21
3975,4.03366576463127e-14
4058,1.34970775051156e-17
1330,4.62565605879603e-19
1078,6.09190060953474e-09
1157,5.52928210694997e-14
1882,6.72800054302514e-19
1947,2.57718934627509e-11
1230,2.53892273289497e-13
1430,1.87222504580098e-09
1402,1.90616768040748e-09
2194,5.18175947577537e-10
1443,2.44170082208758e-18
4074,1.1384235096214e-22
3422,1.88828465966486e-13
959,1.87864093010968e-19
1625,2.6375370886591e-15
3143,2.80150143785848e-08
5284,4.02945845563203e-08
1563,2.63916687509655e-15
3974,4.03366576466752e-14
3691,1.11431154904389e-12
38471,1.17771913334364e-12
3654,8.91743580816668e-23
2405,8.62168204597143e-21
1224,3.49960054362923e-09
11326,1.29847468925024e-07
43103,1.66387559162574e-21
3076,1.0361615582746e-21
1422,3.39647630347985e-11
1631,1.4562792798199e-12
4624,1.46188711185423e-10
1303,1.12542360992658e-09
2294,6.01281484684238e-21
2453,2.90461202625218e-15
1568,2.63753705234834e-15
1480,4.29972966745202e-09
991,1.61204265638866e-19
1338,3.59391228907174e-08
1470,4.30175176216935e-09
4644,9.17985289436652e-16
2846,1.46603358655643e-09
4066,1.4658531021467e-09
1110,3.11966851006033e-13
52509,1.61202082452212e-19
3160,1.0889750239728e-14
4601,1.46188711185423e-10
1651,2.64491485037054e-15
4560,1.46189367505844e-10
32364,4.2040102811263e-08
1096,2.82841068699517e-12
1697,2.63753708960449e-15
43073,1.66387559162574e-21
2364,3.00657566408597e-21
53040,1.61202082452212e-19
1067,8.12270315733353e-08
1103,9.36823724922677e-10
3567,1.73097731793794e-21
2456,2.90461202625218e-15
1814,5.35894960761785e-16
4564,1.46188711185423e-10
3121,4.23910592252175e-17
1670,2.63753705234734e-15
52497,1.61202082452212e-19
1020,1.76295112733441e-19
1446,2.44352807008618e-18
28452,4.34595468421782e-11
11285,1.29937804274261e-07
2509,1.24813486511698e-20
1216,1.16142160977671e-09
2532,6.78759759601138e-14
3092,1.03387941487119e-22
41746,1.66387559162574e-21
1856,9.88970003973021e-13
46186,3.29763511320594e-22
40621,1.66387559162574e-21
11308,1.29847468925024e-07
1938,7.12600068109148e-17
3702,5.13469666164633e-19
2358,3.00661860187819e-21
2544,1.67689150528005e-15
2236,9.81556060758671e-16
2225,5.18175947577537e-10
52733,1.61202082452212e-19
4665,9.17985289436652e-16
4047,1.00532754212308e-22
4563,6.56320420878776e-16
3255,1.73803138812872e-19
49950,1.72511658483476e-15
1596,8.73671933120414e-14
4038,1.00532754212137e-22
1604,3.53106643724874e-14
1013,3.37489117288192e-19
3428,3.82074177189656e-17
3657,8.8811854706312e-23
1807,5.37128260607131e-16
4697,9.58211220133271e-23
3007,1.14259320328565e-09
1677,1.9301334177306e-13
4001,2.55221553344325e-18
1025,1.39099648731061e-18
1481,2.80917889624853e-09
1507,2.63998066218657e-15
2418,4.78948439758615e-21
2553,1.67790674411247e-15
3059,2.34039462676318e-21
1467,2.80843394631955e-09
1523,2.63917124859855e-15
1217,2.26874765908413e-09
1514,2.63753705236253e-15
1354,1.6872751899288e-14
3961,4.03366576463127e-14
1619,8.16147365647084e-13
1095,5.73074136384137e-08
2635,2.17841842133188e-15
992,1.61207743660693e-19
2403,4.78948439758615e-21
1090,4.21629927612403e-08
1769,2.75781766135069e-08
1290,1.57459036613482e-10
3295,7.53269219621493e-18
1380,1.09575462108688e-12
1349,2.18271561734281e-14
3077,1.03387941489754e-22
3420,1.88828968489611e-13
52741,1.61202082452212e-19
3466,2.43275813459911e-14
1808,9.89504241350498e-13
1442,2.89499780781716e-15
3879,1.58797091128214e-17
1204,2.28613859599903e-09
2752,7.26140990817952e-16
53065,1.61202082452212e-19
3374,1.19005513462754e-21
1666,1.7005740083705e-13
4726,9.58211220133271e-23
4707,5.06644497981164e-21
53064,1.61202082452212e-19
38543,1.17771913334364e-12
3869,1.58797091128214e-17
1409,1.906179718534e-09
1703,2.63753706967158e-15
4877,3.50004102332544e-17
3044,5.88116038072327e-13
52699,1.61202082452212e-19
3080,1.03387941489754e-22
1520,2.63917124587641e-15
1166,1.14222411693908e-09
1391,3.47950672426201e-11
998,1.61204265638866e-19
4945,1.9362158835786e-14
2905,3.16731985687409e-12
1803,9.88968346389809e-13
3878,1.58798489156004e-17
4954,1.9362158835786e-14
3413,5.0252312534354e-19
1576,6.79930997767878e-14
1620,3.53106643724918e-14
1577,6.79324636006659e-14
2215,5.18175947577537e-10
1720,2.63753706908596e-15
53062,1.61202082452212e-19
1061,1.04881301354852e-07
1410,3.39551843476529e-11
3308,7.76271213128468e-18
3697,1.11431154904389e-12
1638,3.25064467856922e-17
1054,1.81880398376784e-07
2599,8.05853102793597e-11
4864,3.87258285331228e-14
4133,1.34970775051156e-17
2982,1.20822728738431e-15
3003,3.86776864555203e-21
4499,1.46188711185423e-10
1660,6.79903276060805e-14
3063,1.37216214913696e-21
1401,1.90617235890832e-09
52748,1.61202082452212e-19
1259,1.61494663656157e-09
4742,9.58238627928845e-23
2993,1.20823115515296e-15
43061,1.66387559162574e-21
52502,1.61202082452212e-19
4673,9.17985289436652e-16
2178,3.47174431070159e-17
1855,4.48942634382099e-17
3728,5.92229789099511e-14
1371,1.46507581735557e-09
1187,1.9158538080274e-12
4072,1.4658531021467e-09
53070,1.61202082452212e-19
4115,1.34970775051156e-17
3635,8.88118547063113e-23
28474,1.29839319311741e-07
1649,2.63753705235431e-15
2525,1.01523883241825e-18
1693,2.63753710268626e-15
1059,6.72141153979304e-08
1431,1.87224569535637e-09
2653,2.17841842133188e-15
1318,5.39959880008274e-15
3694,1.11431206251392e-12
3264,1.37174269665759e-21
52695,1.61202082452212e-19
1127,1.77872967351012e-14
1694,2.6375370607281e-15
1329,4.66975768859607e-19
3166,3.65082465763791e-20
1316,2.02004287639625e-09
3039,3.17061327435657e-22
11319,1.29847468925024e-07
1168,1.17526080053904e-13
3659,8.8811854706312e-23
3177,8.82783783748844e-18
3352,1.21569940630372e-21
2268,9.81559657780096e-16
2681,2.9046120680793e-15
1682,6.79908434345934e-14
4536,0.000136390458862379
1034,2.8343032509257e-07
1228,1.13767856146088e-13
1294,2.74209003070984e-13
4958,1.9362158835786e-14
2508,1.24813486511698e-20
3405,5.0252312533879e-19
52724,1.61202082452212e-19
49951,1.72511658483476e-15
1302,1.66096536405768e-13
40688,1.66387559162574e-21
1667,3.60327174368619e-13
52732,1.61202082452212e-19
4000,2.55221553344328e-18
3719,5.92229789103136e-14
41799,1.66387559162574e-21
10340,1.29937804274261e-07
53053,1.61202082452212e-19
2283,6.01281484684238e-21
41789,1.66387559162574e-21
1709,3.39073353666136e-15
2502,1.67790674411247e-15
3328,2.30045579341441e-19
52539,1.61202082452212e-19
3404,5.0252312533879e-19
1070,0.000280693722763233
1350,1.46511074022977e-09
2847,1.46603358655643e-09
1209,2.35612978851708e-09
43081,1.66387559162574e-21
1083,2.39146656129399e-08
11327,1.29847468925024e-07
3140,9.11629153521388e-20
1283,3.14578656973183e-10
52738,1.61202082452212e-19
1314,1.86283964696174e-09
3358,1.9349173379768e-17
25,7.99106366063591e-22
3989,2.55221553344325e-18
1662,1.69983053306862e-13
4593,0.00175428472927165
1741,2.63753705239792e-15
2540,1.67689150528005e-15
1171,1.14231226118179e-09
1146,4.50618180535223e-14
1108,1.50674921417098e-09
1120,9.86503886642869e-09
1600,5.46948681027581e-14
1665,1.69983051308753e-13
10784,1.29843894783424e-07
4580,1.46188711185423e-10
2505,1.67689150528058e-15
1289,2.08341345397174e-08
2219,5.18176929133597e-10
3685,1.11431567534908e-12
1100,6.30415290672161e-10
3301,4.16664400524123e-12
1408,1.90617421955675e-09
53039,1.61202082452212e-19
3086,1.03387941487119e-22
2293,6.01281484684238e-21
1757,2.63753705243203e-15
1320,1.86285196692674e-09
53051,1.61202082452212e-19
1021,1.76295114120444e-19
53056,1.61202082452212e-19
52731,1.61202082452212e-19
11310,1.29847468925024e-07
1079,8.20380232623827e-08
1740,2.63763144573806e-15
524,0.166143661619355
1129,2.11474651209393e-14
2654,8.29106810248332e-10
3115,1.37174269665758e-21
4609,1.46188711185423e-10
4709,4.8701794047457e-21
5798,1.29843894783424e-07
46636,1.66387559162574e-21
995,1.61204265638866e-19
1416,1.90616626672755e-09
1569,2.63753714168358e-15
4494,1.46188711185423e-10
11318,1.29847468925024e-07
1488,3.74583057912014e-09
1280,7.83887782181453e-10
2646,2.17841837950476e-15
588,1.87864093010968e-19
1026,1.00000000000178
2390,3.00657566408597e-21
3408,5.0252312533879e-19
53191,1.61202082452212e-19
1164,1.14226327943461e-09
4617,1.46188711185519e-10
1345,2.44182853949724e-18
1717,2.63753706563849e-15
1958,3.59419070104555e-21
1458,5.55276546149356e-10
4547,6.56320420878454e-16
1252,2.4583520868502e-14
3027,1.46598392564117e-09
2438,4.78948439758615e-21
3724,5.92229789099511e-14
3048,1.31939535925898e-22
1045,1.2656562862377e-07
43075,1.66387559162574e-21
3026,1.46657204167933e-09
1180,8.70334476645978e-10
1346,7.4089891764971e-14
1306,5.64655204615426e-14
41798,1.66387559162574e-21
1453,2.29538581019533e-14
32850,4.20097193160841e-08
1118,8.9599778852915e-14
4112,1.34970775051156e-17
2978,3.86776864555203e-21
1372,3.33730205906426e-09
2668,2.9046120680793e-15
53036,1.61202082452212e-19
28476,1.29839319311741e-07
1611,5.46956249598748e-14
1131,6.47066078236099e-14
3683,1.11398419266925e-12
11324,1.29847468925024e-07
43072,1.66387559162574e-21
1729,2.63753705234732e-15
59381,1.66387559162574e-21
1274,1.09815324353327e-09
1553,2.64079945409983e-15
1486,5.56002370125851e-10
2361,6.0129714171551e-21
1136,9.85788639233178e-09
1029,3.76277042334817e-14
52737,1.61202082452212e-19
1776,4.5180998324612e-19
1575,1.33334149711867e-13
3847,2.28407929677396e-17
4981,1.61902335589051e-13
1051,1.14177977117223e-07
1885,6.73000862881759e-19
1832,1.99142720858241e-14
53074,1.61202082452212e-19
1022,1.76295114120444e-19
1122,1.51202607034571e-09
1102,1.58008385265998e-09
1181,8.70384951417997e-10
3530,5.25284860502388e-21
3033,1.46598392564141e-09
2407,1.5870802072302e-19
1819,1.14186857287754e-09
3545,7.38640115157631e-15
1633,9.41387423069316e-13
4675,9.17985289436652e-16
3653,8.8811854706312e-23
1952,2.57719647227575e-11
2274,3.59702142504886e-21
52546,1.61202082452212e-19
3443,1.93491723281984e-17
1629,2.63753705234732e-15
11346,1.29847468925024e-07
3915,4.03945350415565e-14
4350,9.58211220133271e-23
2408,4.78948439758615e-21
52717,1.61202082452212e-19
80,0.233509087554858
4636,1.46188711185423e-10
1721,2.63753706563849e-15
1595,8.87497682230199e-13
53042,1.61202082452212e-19
43080,1.66387559162574e-21
1415,3.39449694971654e-11
1418,7.77582302683254e-16
1005,3.22406348091078e-19
53047,1.61202082452212e-19
4113,1.34970775051156e-17
4663,1.51084065206798e-09
1271,0.000149546537977154
1267,5.99903228056617e-10
4677,9.58211220133271e-23
3929,1.65639395387193e-19
3316,2.30019935069756e-19
1244,6.78817281867252e-13
1426,3.39441110413681e-11
3008,1.90036693666884e-13
1859,9.97582273403097e-19
3253,1.73803138812877e-19
1130,5.06208413785467e-14
3075,1.0361615582746e-21
1761,5.42830072298345e-14
4369,9.58211220133389e-23
4235,9.58211220133271e-23
1190,2.43982023350773e-20
1339,7.69996788938542e-14
4863,3.87258285331228e-14
4911,2.06765506138119e-08
1623,2.20217399689578e-14
42831,1.66387559162574e-21
3329,2.30019935069756e-19
2845,1.46603358655643e-09
2085,1.93558500340718e-21
2282,6.01281484684238e-21
3164,3.68380100877043e-20
1176,1.67751852961399e-14
1423,2.06519938441701e-14
1032,0.00187815652696351
1440,2.44175302930972e-18
1635,9.41394800833454e-13
53069,1.61202082452212e-19
49943,1.72511658483476e-15
2548,6.78759759601138e-14
1441,2.80838200628797e-09
1163,8.7659372711487e-10
2545,1.67689150528005e-15
1098,6.31274594256982e-10
3965,4.03366576463127e-14
2018,2.4038536858015e-22
2278,9.60983627189116e-21
3324,2.35040520825331e-19
1648,9.41394800831105e-13
2204,5.18175947577537e-10
1535,2.64079649014901e-15
1688,2.63805287535274e-15
3250,1.53901408182671e-20
1683,6.7990327611588e-14
45362,4.34595468421782e-11
1634,3.21318233504498e-15
2369,3.00652662849162e-21
41794,1.66387559162574e-21
4578,1.46188711185423e-10
1155,5.92081325662349e-14
4535,9.13137072721899e-22
1618,3.43395823391995e-18
4627,1.46188711185423e-10
4005,1.5057575666094e-12
1493,2.19551483059342e-08
2634,2.90461480657622e-15
4373,9.5821122013792e-23
52697,1.61202082452212e-19
3904,4.03945350415565e-14
1544,0.00136747416513877
3378,1.00532754212137e-22
3315,2.30019935069765e-19
4850,2.06765506138119e-08
1039,6.00425485630558e-09
2014,2.4043872317428e-22
1474,3.36362727091431e-09
2387,3.00651022637473e-21
1113,8.76999761018322e-10
3298,7.53269219621493e-18
1012,3.37489117288192e-19
3932,4.03226580376639e-08
1846,1.29483195882023e-18
3976,4.03366576503832e-14
53241,1.61202082452212e-19
1731,2.63763144579118e-15
4873,3.87258285331214e-14
41808,1.66387559162574e-21
1752,2.63753705249201e-15
1272,1.41452797731574e-09
1179,3.64556150174333e-14
1044,8.1762145461509e-08
1861,9.88968709154313e-13
1464,2.18914853186069e-09
1010,1.7628703483598e-19
53049,1.61202082452212e-19
1650,1.00674759138367e-12
1857,9.88968709136989e-13
4706,2.28595004680438e-18
1257,1.59645645331625e-10
3000,1.20823115515296e-15
2425,2.90461681573658e-15
3016,3.82165539853217e-21
41766,1.66387559162574e-21
4608,1.46188711185519e-10
2960,1.20822728738433e-15
3518,8.82786123095281e-18
1284,3.14818488508213e-10
3543,4.12630519621175e-18
1689,2.63753705350343e-15
1245,7.66648413712193e-13
6929,1.61098568537496e-11
1145,3.63522997374339e-08
1159,6.31513221387416e-14
1421,3.39470132892192e-11
3419,5.02605854694958e-19
4856,2.06765893396404e-08
1173,1.14232403038392e-09
1827,1.29483195629817e-18
3406,5.0252312533879e-19
4067,1.4658531021467e-09
1785,1.23329991837371e-18
1088,9.70348754083409e-08
2352,3.00656956628384e-21
1534,1.63419352903185e-18
1379,1.09282409247095e-12
1671,6.79977054689011e-14
3845,2.28407929677396e-17
1185,1.89102001528876e-12
52747,1.61202082452212e-19
1351,3.48777490723005e-14
1468,3.36360662054035e-09
2658,8.29108988666712e-10
1872,1.67038232770546e-18
4605,1.46188711185429e-10
1541,2.64079665903389e-15
1114,2.10840412466264e-09
3154,1.0889750239728e-14
1069,5.18359024883686e-08
1462,5.23726085794722e-09
4376,2.06266716102776e-20
2702,1.46469535377464e-09
1250,2.06767003239868e-08
41028,1.66387559162574e-21
2659,8.29109714807703e-10
1383,8.60571793275457e-13
1273,5.79884812971216e-10
11317,1.29847468925024e-07
1802,1.63325729108676e-18
1496,4.64763326850351e-22
3876,1.58798578695248e-17
4037,1.00532754212137e-22
4628,1.46188711185423e-10
47240,3.29763511320594e-22
4857,3.87258285331212e-14
1093,3.1093649836213e-10
2116,2.00879048486449e-14
2022,2.34877883394734e-22
2597,8.05853102793597e-11
1597,2.20244262544327e-14
1073,1.31175109757419e-07
1777,3.99928947858304e-19
1573,6.79930998034249e-14
1210,3.4983736854566e-09
40651,1.66387559162574e-21
1718,2.63753709530287e-15
11322,1.29847468925024e-07
53075,1.61202082452212e-19
52555,1.61202082452212e-19
2977,1.20822728738431e-15
1085,5.77244881789934e-08
1243,1.23133253811363e-09
1744,2.63753705239792e-15
1592,2.06767419973695e-08
16088,1.2983931931926e-07
1964,7.12600398376699e-17
1207,1.12691862535898e-09
3919,3.93034073314798e-19
4968,1.07923609264388e-20
3439,4.07358787052307e-21
2517,1.24813486511698e-20
53229,1.61202082452212e-19
3938,3.93034435818174e-19
4631,1.46188711185423e-10
3259,1.5390140818272e-20
1225,2.29437252812471e-08
3656,1.97363237183138e-17
1200,1.89672159803083e-12
3057,1.22393348084612e-12
1298,2.06844279653147e-13
1725,2.63753706568908e-15
4714,5.16226610187111e-21
2516,1.24813486511698e-20
1567,6.79324665578149e-14
1841,1.67038232770561e-18
1598,8.74261032779844e-14
4470,0.000136390458862379
1509,2.63875825944195e-15
53045,1.61202082452212e-19
3988,2.55221553344328e-18
43093,1.66387559162574e-21
3089,1.37174269665758e-21
4006,1.5057575666094e-12
1194,3.95274997209881e-14
53044,1.61202082452212e-19
3267,1.58412997994605e-19
1878,1.20473924649172e-17
1690,2.6380528753529e-15
1407,3.39470869184206e-11
53080,1.61202082452212e-19
3890,2.51528917619772e-22
1853,9.88970003973021e-13
3837,2.28407929677396e-17
4600,1.46188711185438e-10
3023,5.88116038452717e-13
3687,1.11431567767883e-12
1082,2.40496553047383e-08
4733,9.58238627928845e-23
2416,4.78948439758615e-21
2234,9.81556060758671e-16
1359,3.33731924510696e-09
1828,1.99129772539184e-14
3018,1.50145321846444e-09
4957,1.9362158835786e-14
3403,5.0252312533879e-19
3980,2.55221589594662e-18
3921,4.03949280756298e-14
1321,3.9768349720378e-10
1340,1.49918643385968e-13
1417,2.89499780159927e-15
1766,1.18074576325143e-19
1357,3.8662199078504e-14
4252,9.58989610974702e-23
52726,1.61202082452212e-19
1613,2.63839786514911e-15
4704,9.58211220133271e-23
2279,8.28404219517067e-21
1779,4.51811088419269e-19
3429,3.82074177189656e-17
53068,1.61202082452212e-19
1457,2.80845516809094e-09
2511,1.67689150528005e-15
1477,9.36127228214592e-10
1621,3.53106643724992e-14
3582,7.38640114512951e-15
3418,1.88828487514942e-13
3017,1.46613714132682e-09
3261,1.5390140818272e-20
1202,1.16150364343978e-09
4759,8.08704090992576e-18
1220,2.26860530531803e-09
1343,4.88114991187314e-14
2466,4.08029613131033e-21
2504,1.67689150528005e-15
1663,1.04630262753129e-13
1824,2.22881044477355e-19
1781,4.5180998324612e-19
1106,6.3024872194048e-10
1138,2.46402411063166e-14
1825,1.99129141238403e-14
1925,9.97578147088478e-19
1368,1.46507581977972e-09
2008,2.72132081730612e-22
2670,8.05853102794015e-11
1590,1.72015568058217e-13
3163,3.65082465766306e-20
1603,6.7982020984183e-14
4498,1.46188711185423e-10
1765,3.25670279271655e-17
3939,3.93034073314798e-19
3305,1.08897137314814e-14
3268,0.000204696170570758
11343,1.29847468925024e-07
3662,4.2433185093164e-17
11340,1.29847468925024e-07
1154,7.80576091034961e-14
1376,9.12366957799965e-13
3053,6.35817442552158e-13
3129,6.9003854715559e-16
3756,1.7317041751976e-21
1844,1.29483190569799e-18
43097,1.66387559162574e-21
53038,1.61202082452212e-19
3306,7.76271213128468e-18
41752,1.66387559162574e-21
2538,1.67689150528005e-15
43098,1.66387559162574e-21
8080,2.75267229474225e-11
2512,1.67689150528005e-15
3181,8.82783783748844e-18
3873,1.58797091128214e-17
4144,1.34970775051156e-17
1072,0.0497714477739214
1362,4.00822317787759e-15
1550,2.63917124587796e-15
4590,1.46188711185423e-10
41792,1.66387559162574e-21
1796,1.06047441721426e-14
1066,4.26491337080598e-08
1247,2.659588928319e-10
1325,1.45844107093476e-14
4121,1.34971322943907e-17
2250,5.18004013750007e-12
4587,1.46188711185423e-10
1132,5.87886546816146e-14
35314,4.20097193160841e-08
1787,5.188222684863e-20
3248,1.73803138812872e-19
4711,1.23360553910805e-22
1068,8.54622037942714e-08
2566,2.403032496098e-15
2157,2.57718934627509e-11
33072,4.2040102811263e-08
4238,9.58211220133271e-23
4331,0.000136390458862379
3309,7.76271213587329e-18
53231,1.61202082452212e-19
1664,1.69983051341628e-13
2009,2.72132081730612e-22
1319,2.16936213734454e-14
1111,1.03494860270524e-14
3180,8.82783784207704e-18
1594,1.06704429123252e-13
4756,2.26975334594395e-17
2386,3.00657566408597e-21
3660,1.97362349064591e-17
1112,8.32967254577621e-13
4751,1.40751735938793e-15
3327,2.30019935069756e-19
1526,2.6407964901696e-15
2365,3.00651022637473e-21
1775,5.32287277186891e-14
1241,1.10182513888181e-13
3317,2.30019935069756e-19
1214,1.14261621857405e-09
1397,1.87223330810021e-09
1645,9.41394800829949e-13
3377,9.03979510757751e-20
2565,1.6769039866287e-15
3985,2.55221553362726e-18
11309,1.29847468925024e-07
990,1.61204265638866e-19
1097,2.18742283708764e-12
4730,9.58211220133271e-23
3917,4.03945350415565e-14
2976,1.20822728738431e-15
11307,1.29847468925024e-07
4611,1.46188711185519e-10
1352,9.40244903545699e-15
1260,1.77208453794187e-09
1797,1.23329991837371e-18
2552,1.67790674411247e-15
3417,5.0252312533879e-19
4148,1.34970775051156e-17
3287,7.53269219621493e-18
1365,1.46507982772867e-09
3909,4.03945350415565e-14
1058,1.0705535701751e-07
52534,1.61202082452212e-19
4147,1.34970775051156e-17
1053,1.13239363548939e-07
3165,3.65082465763919e-20
3025,1.4661371413267e-09
4719,9.58211220133271e-23
3698,1.11431154904425e-12
3073,4.478943757294e-21
3999,2.55221553344327e-18
3592,4.70480567119686e-17
2081,3.82870806551684e-21
52740,1.61202082452212e-19
3977,4.03392098618461e-14
3565,0
2026,0
50445,0
53655,0
2409,0
2024,0
61480,0
4295,0
22262,0
4718,0
4349,0
4466,0
3370,0
4323,0
2961,0
50496,0
56414,0
4888,0
50428,0
2311,0
3903,0
3071,0
25919,0
2769,0
2247,0
22391,0
49344,0
50289,0
49303,0
4321,0
59785,0
50309,0
4875,0
49414,0
2148,0
49375,0
50262,0
50536,0
4996,0
3322,0
54683,0
53784,0
2485,0
3483,0
2150,0
4650,0
56956,0
3666,0
41194,0
50053,0
4722,0
2640,0
50125,0
50517,0
4387,0
49740,0
3781,0
50405,0
4057,0
4388,0
50104,0
3823,0
57656,0
53104,0
2755,0
41173,0
41216,0
50364,0
38386,0
49308,0
37805,0
41341,0
2210,0
4010,0
4808,0
2300,0
64923,0
4485,0
52480,0
59790,0
50055,0
4475,0
50068,0
4831,0
3300,0
3859,0
1999,0
4775,0
4055,0
3560,0
57717,0
4986,0
3124,0
3282,0
4028,0
4157,0
59434,0
52592,0
3510,0
4137,0
50575,0
50554,0
43082,0
3335,0
50441,0
4105,0
52685,0
2816,0
32800,0
2019,0
4089,0
59622,0
3410,0
4414,0
2038,0
2572,0
49984,0
3564,0
2761,0
4355,0
624,0
2693,0
626,0
4056,0
41212,0
54606,0
2886,0
3492,0
41762,0
50157,0
49995,0
4416,0
2270,0
50442,0
50310,0
2522,0
4787,0
50094,0
1963,0
50473,0
51373,0
50233,0
3926,0
49340,0
1966,0
3491,0
2373,0
4291,0
49395,0
4449,0
30411,0
2112,0
50161,0
3853,0
50274,0
2339,0
60438,0
55066,0
923,0
1910,0
4359,0
4189,0
2830,0
50036,0
49958,0
515,0
49178,0
2783,0
54695,0
4453,0
32791,0
2717,0
59998,0
4435,0
2729,0
55522,0
4312,0
3707,0
50499,0
60494,0
2968,0
53126,0
58070,0
49302,0
4086,0
50362,0
3029,0
2480,0
2687,0
41183,0
2814,0
50328,0
50457,0
2587,0
3812,0
3458,0
4837,0
2351,0
3379,0
47475,0
32880,0
35394,0
50313,0
1978,0
2719,0
64613,0
3663,0
50380,0
4487,0
50511,0
44869,0
3572,0
4300,0
2625,0
16117,0
57128,0
4397,0
2611,0
3900,0
50077,0
4347,0
49945,0
4233,0
3237,0
50056,0
4176,0
50436,0
928,0
4027,0
60080,0
4248,0
3759,0
2355,0
987,0
2686,0
50051,0
50451,0
50060,0
50101,0
2047,0
2562,0
3173,0
4554,0
5002,0
4813,0
50324,0
2561,0
2621,0
2073,0
50222,0
1884,0
94,0
1951,0
2105,0
4241,0
4274,0
3681,0
50120,0
49372,0
4788,0
49382,0
2445,0
2528,0
4530,0
60087,0
4887,0
4643,0
49942,0
2685,0
57876,0
3292,0
988,0
2940,0
1937,0
2146,0
56134,0
4390,0
50034,0
1979,0
3014,0
51374,0
4638,0
3293,0
50295,0
2878,0
4090,0
2313,0
4207,0
3505,0
2035,0
49273,0
4178,0
3228,0
3576,0
2291,0
57127,0
4232,0
3185,0
2593,0
2756,0
4543,0
50003,0
41190,0
3557,0
24929,0
3520,0
4307,0
3726,0
4378,0
50392,0
3437,0
2880,0
41180,0
40697,0
58142,0
41333,0
3559,0
4266,0
1905,0
57003,0
4150,0
4004,0
52686,0
591,0
58785,0
49923,0
3630,0
4956,0
49944,0
1823,0
4286,0
4823,0
6000,0
50329,0
4839,0
4374,0
1891,0
3222,0
52500,0
4732,0
2010,0
4824,0
3599,0
4614,0
4343,0
56971,0
4825,0
58775,0
61183,0
50140,0
59054,0
50326,0
57711,0
41214,0
3829,0
4540,0
4915,0
59118,0
2464,0
2317,0
58075,0
13782,0
4637,0
59052,0
58295,0
4920,0
4940,0
2829,0
2604,0
3649,0
4931,0
4448,0
4848,0
3774,0
4077,0
4216,0
2253,0
45928,0
4508,0
59447,0
41198,0
3568,0
2131,0
40693,0
59439,0
8383,0
49338,0
58727,0
50391,0
4908,0
4187,0
3584,0
4329,0
4050,0
4039,0
49162,0
4326,0
49305,0
49304,0
49735,0
50118,0
50014,0
65325,0
50173,0
3442,0
50415,0
4040,0
4645,0
51225,0
3602,0
60826,0
2892,0
41120,0
41220,0
61399,0
2309,0
60243,0
3497,0
2820,0
4277,0
4592,0
4440,0
35607,0
50190,0
4755,0
3783,0
3765,0
50497,0
35313,0
41191,0
50424,0
50291,0
49387,0
4177,0
3469,0
50577,0
4493,0
53656,0
963,0
45245,0
3498,0
3574,0
50019,0
32939,0
3527,0
3238,0
4278,0
2970,0
61126,0
4710,0
4886,0
50352,0
52956,0
49265,0
59025,0
4889,0
50411,0
3692,0
50285,0
42934,0
3751,0
50458,0
56295,0
2334,0
8025,0
4891,0
4807,0
50179,0
4255,0
49378,0
58747,0
2956,0
2822,0
41179,0
3141,0
4481,0
19360,0
3207,0
58717,0
50150,0
3304,0
2342,0
41330,0
4866,0
40410,0
50122,0
61136,0
59368,0
54779,0
59708,0
38389,0
4916,0
22371,0
2121,0
30111,0
4098,0
2676,0
20,0
50022,0
49323,0
50081,0
2437,0
2750,0
2187,0
42566,0
3984,0
4810,0
43115,0
41209,0
2950,0
49309,0
4992,0
3803,0
50398,0
1922,0
52955,0
2636,0
50483,0
4651,0
59349,0
2032,0
3524,0
2666,0
22387,0
54414,0
33546,0
4339,0
4228,0
37518,0
4695,0
3350,0
50073,0
49928,0
3069,0
2589,0
4275,0
882,0
3844,0
50357,0
3569,0
42932,0
4306,0
49992,0
3706,0
55972,0
59593,0
22356,0
52968,0
50563,0
50163,0
4428,0
3857,0
49996,0
50041,0
2698,0
2763,0
50281,0
4032,0
2118,0
2240,0
28993,0
4778,0
54096,0
40625,0
49283,0
2133,0
3330,0
1919,0
51302,0
49280,0
4401,0
52688,0
58013,0
2722,0
50044,0
2145,0
3031,0
52959,0
3696,0
63871,0
50518,0
41193,0
50076,0
4224,0
50319,0
1913,0
841,0
4995,0
41199,0
22393,0
49933,0
3109,0
1842,0
57652,0
52554,0
3341,0
3490,0
49419,0
37344,0
2713,0
50263,0
4626,0
851,0
60762,0
49328,0
52973,0
2712,0
44785,0
2401,0
30076,0
3503,0
50011,0
984,0
50230,0
2398,0
2953,0
58357,0
56970,0
3826,0
50359,0
2012,0
1955,0
3411,0
2101,0
2140,0
41215,0
49934,0
19305,0
2631,0
4182,0
59058,0
3112,0
3525,0
4153,0
1944,0
4106,0
2000,0
4158,0
3376,0
2507,0
49276,0
625,0
50106,0
3901,0
45257,0
4251,0
49363,0
50566,0
3126,0
50024,0
1795,0
1816,0
4061,0
4351,0
49339,0
4978,0
4703,0
49367,0
4011,0
54022,0
49285,0
50154,0
50200,0
50482,0
50194,0
3546,0
50484,0
50492,0
3508,0
50469,0
50446,0
50298,0
3260,0
4425,0
60432,0
2080,0
4062,0
3718,0
51305,0
49423,0
4160,0
49422,0
50067,0
32872,0
15237,0
2149,0
50447,0
2208,0
41156,0
50500,0
40658,0
50537,0
4919,0
50131,0
50308,0
4303,0
4443,0
4539,0
4289,0
59780,0
49932,0
50322,0
4948,0
50211,0
1908,0
55758,0
3981,0
3444,0
4430,0
4953,0
41083,0
4167,0
4597,0
2622,0
4068,0
41172,0
36227,0
4515,0
50039,0
51389,0
32967,0
4456,0
1737,0
2173,0
2947,0
4741,0
4333,0
49392,0
59084,0
4398,0
3453,0
50545,0
2885,0
3699,0
2330,0
4422,0
986,0
3841,0
49267,0
3815,0
2160,0
2107,0
4135,0
1949,0
33959,0
2797,0
3615,0
40681,0
50300,0
50130,0
47495,0
50027,0
2127,0
49321,0
3396,0
40684,0
2063,0
2089,0
50386,0
3816,0
2347,0
50412,0
50509,0
2776,0
3101,0
59369,0
4586,0
3386,0
2100,0
2195,0
58539,0
4708,0
4471,0
3131,0
3390,0
50238,0
1973,0
2860,0
4688,0
50114,0
2298,0
2429,0
42645,0
2807,0
4271,0
3346,0
35605,0
1921,0
2798,0
44762,0
54693,0
54413,0
4780,0
50216,0
57004,0
54603,0
57294,0
4052,0
54203,0
4896,0
3855,0
50388,0
3735,0
2948,0
3098,0
4552,0
50028,0
50197,0
50372,0
49364,0
4236,0
50346,0
4797,0
49287,0
3438,0
4049,0
2237,0
3336,0
2340,0
4217,0
49978,0
3616,0
49972,0
32860,0
3111,0
41552,0
4420,0
3677,0
4338,0
58722,0
2166,0
4159,0
4348,0
61484,0
58760,0
50417,0
32793,0
59382,0
60440,0
4924,0
61714,0
50468,0
3870,0
55973,0
50510,0
3907,0
1976,0
4969,0
3150,0
50433,0
38519,0
2465,0
2945,0
2861,0
3100,0
2106,0
2046,0
3467,0
58074,0
3278,0
58353,0
3213,0
49322,0
3216,0
4444,0
3223,0
4545,0
2029,0
2639,0
3558,0
50479,0
50241,0
2290,0
4693,0
40672,0
4950,0
41791,0
4245,0
4906,0
1794,0
50547,0
4699,0
3280,0
4520,0
2632,0
4655,0
50573,0
41222,0
49989,0
3664,0
58574,0
60130,0
58398,0
54352,0
50199,0
53180,0
51223,0
50339,0
2463,0
3243,0
3199,0
50323,0
2067,0
59779,0
39708,0
50026,0
4377,0
37345,0
2258,0
25936,0
49325,0
50377,0
4975,0
1894,0
50000,0
50514,0
4161,0
52596,0
4993,0
4220,0
3994,0
49971,0
2042,0
989,0
49345,0
4559,0
61189,0
61533,0
4014,0
41206,0
4370,0
3486,0
48597,0
3275,0
49394,0
50215,0
2647,0
45602,0
3455,0
4156,0
56436,0
2613,0
4234,0
59312,0
56822,0
3952,0
2446,0
50293,0
4914,0
50535,0
50330,0
3385,0
3642,0
2735,0
50384,0
56955,0
3108,0
4468,0
49333,0
59012,0
3668,0
49955,0
49314,0
50247,0
3272,0
51387,0
4874,0
2941,0
51307,0
3871,0
49381,0
61127,0
4776,0
52822,0
2125,0
3611,0
3311,0
2263,0
4987,0
45416,0
2306,0
4632,0
4452,0
2182,0
53261,0
4281,0
59985,0
801,0
50534,0
33530,0
3095,0
3805,0
50578,0
63266,0
3795,0
5001,0
2091,0
38727,0
3205,0
3495,0
2442,0
3195,0
2020,0
921,0
2241,0
119,0
49329,0
3851,0
52504,0
4293,0
50225,0
50395,0
54974,0
50187,0
2439,0
44771,0
64184,0
2055,0
2779,0
49286,0
52645,0
49997,0
39013,0
50035,0
3937,0
4885,0
4472,0
50209,0
2931,0
4053,0
4447,0
2389,0
2308,0
50580,0
2156,0
3079,0
2251,0
44768,0
3189,0
3586,0
4679,0
51383,0
4999,0
61536,0
4208,0
4192,0
4512,0
3230,0
50505,0
49274,0
50351,0
4749,0
50023,0
50096,0
4201,0
60088,0
4298,0
59966,0
57235,0
58707,0
1945,0
58338,0
49931,0
2228,0
8469,0
50007,0
3509,0
1920,0
65182,0
785,0
53752,0
60441,0
2900,0
40679,0
2574,0
2974,0
56915,0
52496,0
58350,0
2050,0
22357,0
3380,0
2479,0
2877,0
49938,0
4259,0
2255,0
60829,0
4283,0
50321,0
4994,0
59783,0
4402,0
3452,0
52482,0
4019,0
3810,0
4943,0
1871,0
4123,0
44769,0
4818,0
49936,0
4184,0
1984,0
4748,0
50113,0
56676,0
50337,0
49393,0
1914,0
50064,0
3553,0
3858,0
4180,0
4319,0
54507,0
41171,0
4166,0
4096,0
1926,0
3801,0
4008,0
50470,0
3326,0
2771,0
50183,0
3720,0
2304,0
50574,0
1749,0
3402,0
4625,0
4013,0
44767,0
50335,0
53186,0
40318,0
50048,0
1927,0
49330,0
59579,0
4064,0
50478,0
50015,0
2396,0
3434,0
30057,0
3450,0
2486,0
3589,0
2168,0
3463,0
2115,0
3948,0
50203,0
4297,0
21289,0
4622,0
33547,0
60275,0
3478,0
4985,0
36402,0
3626,0
64991,0
54687,0
50449,0
2868,0
2059,0
2049,0
3882,0
2021,0
4082,0
40631,0
4936,0
4304,0
2164,0
2939,0
40941,0
50182,0
49988,0
4541,0
4767,0
50316,0
2462,0
4997,0
4409,0
2092,0
4279,0
3608,0
4270,0
3533,0
3262,0
2573,0
2896,0
60495,0
3892,0
50552,0
53183,0
2620,0
4280,0
36899,0
3541,0
3070,0
50165,0
2119,0
4411,0
2767,0
3190,0
4290,0
4212,0
41800,0
3475,0
58012,0
4725,0
4462,0
32869,0
41177,0
58402,0
3507,0
4828,0
3834,0
4155,0
51227,0
4529,0
781,0
4912,0
60089,0
33606,0
49163,0
40299,0
50964,0
2703,0
49983,0
52481,0
4020,0
4434,0
50145,0
50340,0
50090,0
4146,0
40776,0
52957,0
2333,0
50432,0
58545,0
57824,0
2186,0
49334,0
50513,0
49993,0
52969,0
4308,0
49949,0
55389,0
2649,0
1903,0
2747,0
3371,0
41186,0
53198,0
4264,0
4965,0
579,0
50255,0
3393,0
4991,0
33607,0
4880,0
4316,0
2072,0
5050,0
1917,0
2155,0
50277,0
4786,0
49374,0
49379,0
3796,0
50301,0
3193,0
4685,0
4925,0
2079,0
4802,0
2391,0
4175,0
2863,0
1892,0
49289,0
2724,0
4934,0
3226,0
4794,0
49924,0
4301,0
3838,0
50080,0
44770,0
44868,0
2114,0
50515,0
3196,0
4513,0
3594,0
2078,0
61541,0
50059,0
3209,0
50050,0
4478,0
50551,0
2338,0
4753,0
2624,0
50481,0
4819,0
2800,0
2730,0
2343,0
4174,0
47498,0
5003,0
3454,0
2656,0
59026,0
50338,0
41197,0
2349,0
2181,0
50374,0
59435,0
3273,0
58761,0
65119,0
50287,0
4353,0
983,0
50360,0
4340,0
3556,0
15045,0
4781,0
42152,0
50353,0
46795,0
59731,0
50128,0
4311,0
2305,0
4460,0
51392,0
56244,0
3793,0
4268,0
3201,0
2075,0
4750,0
58709,0
8327,0
3669,0
3729,0
2098,0
50423,0
4768,0
57268,0
1930,0
50175,0
49935,0
3067,0
3171,0
3200,0
2626,0
53267,0
50270,0
50333,0
58400,0
3517,0
3072,0
1941,0
3471,0
2585,0
2476,0
2322,0
4761,0
2864,0
42940,0
2045,0
2775,0
3277,0
53753,0
4739,0
4315,0
50440,0
61529,0
50342,0
50467,0
3218,0
50356,0
50471,0
50242,0
43067,0
49420,0
49299,0
4400,0
19310,0
3103,0
4959,0
54287,0
2884,0
3782,0
2762,0
4982,0
4518,0
4833,0
2457,0
3373,0
3192,0
2975,0
49965,0
2527,0
49925,0
50167,0
50086,0
49973,0
3956,0
44149,0
50012,0
50401,0
53245,0
59734,0
3739,0
49262,0
49272,0
3502,0
2731,0
2630,0
3637,0
3776,0
4404,0
2436,0
50146,0
4876,0
2232,0
50185,0
50456,0
2714,0
52581,0
40676,0
61130,0
2651,0
50303,0
4832,0
2757,0
881,0
4836,0
58405,0
50001,0
3532,0
32815,0
6777,0
33726,0
4854,0
49409,0
2764,0
3102,0
50452,0
54686,0
53284,0
50414,0
4483,0
50365,0
54353,0
9000,0
110,0
3522,0
50490,0
4894,0
12922,0
2570,0
3814,0
58399,0
41174,0
2053,0
22354,0
4054,0
1778,0
3504,0
52954,0
3596,0
1862,0
57914,0
2385,0
59116,0
1942,0
3717,0
52528,0
3678,0
4084,0
49167,0
50426,0
3449,0
4899,0
3661,0
50408,0
4506,0
50450,0
59725,0
3742,0
50516,0
2590,0
58725,0
50124,0
41805,0
50299,0
4642,0
4523,0
50058,0
64857,0
2682,0
49966,0
3526,0
3276,0
4205,0
52963,0
41017,0
50546,0
50171,0
50099,0
43059,0
50032,0
3927,0
59835,0
50098,0
50169,0
40783,0
4795,0
2793,0
61475,0
49370,0
18178,0
4901,0
3476,0
4806,0
3284,0
50491,0
59438,0
49295,0
4138,0
50158,0
4385,0
2176,0
41213,0
2935,0
50427,0
4249,0
21509,0
3957,0
3701,0
50045,0
49271,0
3349,0
842,0
4431,0
3577,0
49953,0
45420,0
3321,0
4972,0
4457,0
1843,0
4332,0
2969,0
50089,0
50562,0
50119,0
2371,0
3198,0
3734,0
61184,0
3474,0
58067,0
50455,0
3788,0
2095,0
3460,0
49278,0
50016,0
50206,0
3970,0
59111,0
60091,0
3597,0
3888,0
2744,0
34864,0
4417,0
4219,0
60822,0
3578,0
41225,0
4186,0
2345,0
3334,0
43120,0
2289,0
50418,0
50188,0
44761,0
50013,0
2964,0
49294,0
845,0
3585,0
50210,0
4299,0
4415,0
3753,0
4080,0
50421,0
50576,0
3646,0
49964,0
50252,0
3617,0
4840,0
22355,0
59059,0
4204,0
49313,0
2898,0
3874,0
4534,0
50506,0
61496,0
3175,0
2490,0
3950,0
3539,0
49957,0
2577,0
49403,0
54395,0
4777,0
4363,0
44780,0
2707,0
3461,0
49281,0
50507,0
4646,0
2919,0
3211,0
50341,0
50297,0
50129,0
3757,0
50332,0
4419,0
4763,0
2888,0
50521,0
50487,0
50559,0
40613,0
54058,0
53351,0
44774,0
3462,0
61125,0
57269,0
22190,0
17433,0
4195,0
41786,0
4884,0
2378,0
4998,0
2644,0
4760,0
50108,0
4930,0
44787,0
2827,0
1977,0
4322,0
3183,0
4136,0
2335,0
2614,0
2128,0
50286,0
4872,0
49282,0
1975,0
2742,0
50198,0
858,0
4616,0
53342,0
56373,0
2727,0
60779,0
3174,0
2774,0
3212,0
50476,0
50258,0
4502,0
45415,0
2609,0
61742,0
3580,0
4729,0
2307,0
50355,0
3889,0
3613,0
2913,0
2758,0
4017,0
50254,0
4467,0
4842,0
53208,0
4639,0
4774,0
49296,0
51385,0
2062,0
2683,0
4497,0
60086,0
2501,0
52960,0
4548,0
50139,0
55404,0
3860,0
2410,0
2718,0
2600,0
50202,0
39174,0
56823,0
3712,0
3634,0
3113,0
44764,0
23,0
3188,0
4484,0
50141,0
3361,0
50557,0
3711,0
4489,0
60400,0
2799,0
40802,0
37425,0
2083,0
3221,0
4640,0
2332,0
50367,0
4944,0
49171,0
36603,0
50378,0
4183,0
3947,0
2052,0
57657,0
2638,0
2222,0
55666,0
2689,0
4344,0
58062,0
3563,0
2697,0
50062,0
2619,0
2749,0
2239,0
23335,0
64181,0
41187,0
2461,0
4327,0
50570,0
50087,0
39245,0
40691,0
3468,0
27989,0
41202,0
1895,0
2738,0
1904,0
3105,0
50166,0
50093,0
41070,0
53350,0
2321,0
4789,0
3618,0
3791,0
50061,0
4078,0
3493,0
3208,0
3414,0
3601,0
50172,0
4528,0
40982,0
57398,0
49408,0
49940,0
50453,0
4034,0
58719,0
4746,0
57710,0
2273,0
35602,0
61179,0
2840,0
3583,0
50525,0
59112,0
3665,0
52967,0
50311,0
50306,0
49386,0
1970,0
4558,0
4101,0
4591,0
4450,0
4108,0
4410,0
50149,0
3206,0
49377,0
1931,0
4531,0
37343,0
51303,0
4717,0
4442,0
50213,0
50503,0
49319,0
4641,0
3772,0
17513,0
3987,0
3187,0
4031,0
2382,0
4262,0
3898,0
37340,0
2175,0
2595,0
2946,0
2039,0
3670,0
4527,0
49952,0
3748,0
50095,0
53498,0
2190,0
3609,0
49977,0
50257,0
58069,0
902,0
4437,0
49979,0
49388,0
50443,0
2441,0
27582,0
944,0
28724,0
50336,0
50438,0
14597,0
33979,0
4152,0
2001,0
2971,0
2271,0
4595,0
2628,0
56592,0
3671,0
4594,0
63721,0
49168,0
59272,0
3281,0
54367,0
4897,0
44794,0
50420,0
57234,0
50063,0
2720,0
50005,0
34838,0
50381,0
4967,0
43113,0
2142,0
4168,0
3595,0
3916,0
1991,0
56674,0
50489,0
41219,0
37337,0
3480,0
1900,0
3743,0
52446,0
3514,0
50439,0
51386,0
4094,0
2558,0
2412,0
2467,0
41200,0
4879,0
2341,0
3538,0
4085,0
2249,0
41769,0
2281,0
49165,0
50413,0
61176,0
42644,0
41010,0
4464,0
2862,0
2054,0
2837,0
3368,0
53196,0
4921,0
4439,0
53933,0
61740,0
4093,0
3485,0
3830,0
49401,0
58064,0
4990,0
2932,0
60661,0
4438,0
41181,0
49948,0
50123,0
38362,0
4193,0
3732,0
4731,0
52964,0
50404,0
3894,0
3688,0
41196,0
4073,0
50403,0
64720,0
4092,0
4421,0
4904,0
3638,0
1929,0
4927,0
50369,0
3125,0
4384,0
41208,0
2316,0
49368,0
2582,0
34829,0
43058,0
2135,0
4841,0
59442,0
60242,0
2773,0
3354,0
2203,0
3771,0
2162,0
50553,0
50541,0
3817,0
15339,0
50228,0
2602,0
2324,0
50176,0
4253,0
2491,0
48528,0
50214,0
3640,0
3590,0
4046,0
26165,0
4325,0
4598,0
50317,0
4272,0
52644,0
3570,0
53523,0
50155,0
50237,0
2109,0
4379,0
56487,0
3622,0
4681,0
2616,0
2765,0
50156,0
50031,0
910,0
55373,0
3457,0
2448,0
2586,0
4179,0
2899,0
4445,0
4736,0
1936,0
54821,0
3459,0
4076,0
4682,0
54396,0
50460,0
49975,0
2691,0
52687,0
50480,0
54820,0
2607,0
3534,0
3600,0
2130,0
22523,0
53511,0
3274,0
4929,0
1793,0
3562,0
1898,0
3515,0
554,0
56135,0
3104,0
49967,0
50278,0
39180,0
4426,0
2897,0
50111,0
4116,0
35603,0
2090,0
2193,0
1980,0
50434,0
61477,0
3824,0
2601,0
2248,0
5004,0
4069,0
4892,0
4469,0
50459,0
61530,0
2302,0
4395,0
33626,0
4790,0
49172,0
3964,0
49407,0
51304,0
42942,0
50548,0
2196,0
2474,0
50221,0
4659,0
8001,0
2132,0
3088,0
4380,0
57863,0
2392,0
57712,0
4902,0
4024,0
1954,0
49260,0
54629,0
1899,0
50347,0
50406,0
2748,0
3465,0
4550,0
49416,0
4225,0
56486,0
2949,0
4026,0
1997,0
50361,0
3758,0
50231,0
3579,0
59113,0
57713,0
50280,0
49318,0
4103,0
4816,0
50376,0
3760,0
38393,0
4669,0
4838,0
2615,0
56375,0
2108,0
61544,0
4814,0
50349,0
40692,0
49405,0
37929,0
50178,0
4432,0
4009,0
4423,0
2891,0
35608,0
52465,0
50565,0
3809,0
3470,0
41224,0
4399,0
2201,0
53140,0
51224,0
50008,0
49383,0
4532,0
53456,0
55672,0
4022,0
58015,0
50091,0
50208,0
582,0
60137,0
50275,0
4199,0
2955,0
4124,0
22362,0
49930,0
50148,0
61497,0
4194,0
52972,0
4784,0
49346,0
49991,0
4933,0
3536,0
50184,0
40765,0
57715,0
50017,0
49300,0
50474,0
3768,0
54604,0
50292,0
3819,0
49970,0
2575,0
55094,0
1772,0
50088,0
627,0
3394,0
3603,0
3813,0
3807,0
2523,0
2754,0
50290,0
4476,0
4463,0
3544,0
2811,0
50542,0
2723,0
2212,0
41176,0
2966,0
4505,0
2231,0
49307,0
58347,0
50260,0
30473,0
50239,0
50266,0
2596,0
50345,0
50512,0
3529,0
1924,0
50135,0
59061,0
63868,0
3258,0
4389,0
50207,0
2569,0
3123,0
2068,0
2641,0
41218,0
41284,0
4783,0
2732,0
3593,0
4190,0
3235,0
4033,0
2618,0
4202,0
52516,0
4320,0
2828,0
53264,0
50186,0
53512,0
49293,0
3269,0
2959,0
2030,0
3886,0
1901,0
49391,0
3220,0
4490,0
59124,0
2498,0
3096,0
4511,0
2637,0
3202,0
4188,0
54694,0
4900,0
4805,0
3639,0
50271,0
2937,0
2017,0
50046,0
50464,0
43109,0
3338,0
50010,0
58776,0
50272,0
1810,0
3107,0
2058,0
50389,0
49186,0
3481,0
3227,0
12045,0
2138,0
42570,0
3234,0
49959,0
58450,0
4337,0
60491,0
38802,0
52462,0
2770,0
58783,0
62110,0
2256,0
52551,0
4413,0
3289,0
50037,0
2578,0
50416,0
4720,0
49290,0
4386,0
50223,0
49174,0
49269,0
3941,0
50029,0
3820,0
51070,0
3531,0
4533,0
2882,0
50550,0
3499,0
50523,0
49418,0
3749,0
4898,0
51210,0
50072,0
4521,0
3435,0
2007,0
50066,0
2806,0
4758,0
50115,0
50144,0
4932,0
3266,0
4883,0
4977,0
49169,0
3587,0
2295,0
60090,0
49306,0
52958,0
2337,0
820,0
58449,0
10660,0
54313,0
2524,0
2202,0
3106,0
3779,0
50116,0
57589,0
4230,0
53325,0
2084,0
3084,0
50382,0
60223,0
2495,0
3430,0
3156,0
4125,0
2357,0
50397,0
4517,0
4358,0
49264,0
2801,0
3792,0
53195,0
49413,0
45434,0
41210,0
58346,0
2772,0
2380,0
4524,0
63191,0
50147,0
57552,0
4937,0
54684,0
50486,0
60490,0
50065,0
2287,0
1959,0
49404,0
4653,0
60309,0
41763,0
2297,0
50259,0
2172,0
50318,0
50217,0
49320,0
2451,0
49926,0
59541,0
59730,0
3523,0
4479,0
58778,0
49317,0
4779,0
38335,0
54681,0
2739,0
8000,0
49175,0
4070,0
40630,0
2938,0
2113,0
4366,0
3614,0
4917,0
58257,0
4793,0
3369,0
2889,0
50191,0
4955,0
52935,0
1876,0
49417,0
3153,0
4923,0
49261,0
56181,0
3094,0
50159,0
3043,0
2180,0
52489,0
2951,0
50092,0
3930,0
49365,0
4690,0
4213,0
52970,0
3217,0
49371,0
50177,0
2319,0
50370,0
2051,0
50327,0
50138,0
55788,0
2836,0
2819,0
4989,0
2706,0
50472,0
4480,0
50544,0
58296,0
1916,0
50334,0
2520,0
60637,0
40662,0
49166,0
50256,0
50498,0
49415,0
4427,0
821,0
2151,0
4660,0
2243,0
50307,0
1968,0
63267,0
3139,0
3773,0
3528,0
64879,0
4827,0
2805,0
49369,0
2188,0
2954,0
2189,0
50006,0
2057,0
3398,0
4973,0
38678,0
50373,0
3392,0
939,0
3489,0
19251,0
58308,0
3555,0
4474,0
55695,0
2571,0
50538,0
60497,0
4393,0
4257,0
5190,0
38837,0
49398,0
1906,0
51382,0
50268,0
3763,0
50399,0
3501,0
3806,0
57625,0
3333,0
1953,0
3745,0
1881,0
2470,0
4895,0
3472,0
49288,0
2011,0
2818,0
2200,0
39156,0
49336,0
3710,0
3641,0
2419,0
57651,0
65073,0
61683,0
52223,0
58412,0
4796,0
41850,0
2422,0
41192,0
5000,0
1974,0
2808,0
50366,0
3194,0
58544,0
61188,0
2853,0
2257,0
50409,0
2110,0
50383,0
54834,0
3967,0
4381,0
35606,0
53215,0
49998,0
4209,0
3737,0
4429,0
49961,0
1962,0
59947,0
3233,0
2264,0
4018,0
4504,0
50390,0
58309,0
53499,0
4514,0
51390,0
3542,0
50463,0
2804,0
4509,0
964,0
2205,0
3487,0
58008,0
3902,0
3152,0
4689,0
41273,0
3755,0
4015,0
50192,0
50448,0
62148,0
61869,0
49376,0
2740,0
50232,0
2003,0
4036,0
2790,0
50009,0
50520,0
58351,0
60830,0
50435,0
56413,0
4762,0
3550,0
58376,0
49406,0
19309,0
50502,0
4392,0
50224,0
2244,0
50887,0
3314,0
33627,0
2612,0
3799,0
50429,0
55065,0
2489,0
49999,0
3785,0
4869,0
2623,0
3271,0
2006,0
4871,0
50070,0
4372,0
50040,0
54599,0
3447,0
4455,0
50021,0
4542,0
50371,0
2831,0
4701,0
2791,0
3672,0
3610,0
50304,0
3360,0
4526,0
50236,0
58409,0
41189,0
3607,0
4826,0
64918,0
4844,0
4662,0
55696,0
1969,0
4214,0
4142,0
2580,0
59378,0
4382,0
2048,0
2099,0
3186,0
4745,0
41203,0
2483,0
49291,0
4619,0
41797,0
44763,0
2832,0
2327,0
50526,0
2736,0
4800,0
49380,0
2943,0
41185,0
3620,0
4060,0
2728,0
49941,0
50504,0
41205,0
2725,0
60134,0
52971,0
3676,0
2443,0
3780,0
50305,0
4221,0
2484,0
4820,0
40636,0
4097,0
50568,0
50288,0
61133,0
58925,0
2111,0
50532,0
4671,0
60131,0
49411,0
50344,0
2963,0
3625,0
2915,0
3051,0
4154,0
4223,0
54833,0
35609,0
2471,0
4822,0
4913,0
52559,0
3353,0
50564,0
4203,0
3421,0
4282,0
3836,0
2493,0
53270,0
4335,0
4222,0
50170,0
50103,0
19340,0
50054,0
2440,0
50444,0
52526,0
49956,0
4030,0
3645,0
50240,0
61135,0
4334,0
3294,0
33173,0
50018,0
60783,0
50539,0
3721,0
4947,0
59726,0
49968,0
50315,0
2564,0
24237,0
4246,0
4713,0
3347,0
49399,0
2331,0
3628,0
2141,0
50033,0
60824,0
2060,0
50488,0
4218,0
4294,0
3764,0
50180,0
4181,0
57659,0
41211,0
860,0
22374,0
2560,0
2583,0
1932,0
760,0
51391,0
49939,0
49176,0
1750,0
22395,0
3722,0
3286,0
2120,0
3971,0
1923,0
4261,0
2143,0
3821,0
50004,0
4843,0
3740,0
2821,0
54682,0
4375,0
3215,0
1965,0
2839,0
50579,0
49384,0
4328,0
4698,0
50354,0
4492,0
3066,0
3573,0
40595,0
2825,0
4878,0
4926,0
982,0
2488,0
4361,0
49284,0
49947,0
4012,0
50204,0
55693,0
49335,0
22364,0
8050,0
3547,0
57906,0
58792,0
50466,0
52962,0
50379,0
63757,0
1957,0
2879,0
4633,0
2478,0
50519,0
3083,0
50543,0
41781,0
64275,0
55093,0
3945,0
4149,0
52520,0
3802,0
38629,0
53189,0
2472,0
41201,0
3766,0
3896,0
4549,0
59372,0
2608,0
50387,0
2581,0
60493,0
35537,0
50558,0
50302,0
2530,0
4412,0
859,0
2887,0
41009,0
4109,0
50555,0
2033,0
50127,0
584,0
57650,0
50084,0
49974,0
3831,0
4835,0
4454,0
50107,0
2529,0
3786,0
3512,0
2097,0
2134,0
3494,0
4357,0
2381,0
4501,0
3750,0
53219,0
2123,0
49266,0
60142,0
2760,0
3169,0
3167,0
943,0
55702,0
4285,0
2721,0
41182,0
4239,0
3986,0
2711,0
4446,0
50331,0
4263,0
53285,0
4918,0
2906,0
3811,0
49994,0
50363,0
4403,0
2477,0
3648,0
50038,0
4210,0
4907,0
3345,0
50294,0
4365,0
4882,0
52939,0
50195,0
3762,0
60437,0
56218,0
2460,0
3448,0
17899,0
2795,0
46112,0
50320,0
50461,0
2824,0
2209,0
40713,0
4305,0
4346,0
4237,0
50030,0
47486,0
44778,0
60141,0
49954,0
4935,0
54973,0
21409,0
52507,0
3081,0
3535,0
4029,0
3647,0
59735,0
2737,0
3519,0
2285,0
3612,0
50253,0
4191,0
4313,0
3239,0
3204,0
4495,0
61887,0
4507,0
50112,0
2813,0
50419,0
52470,0
41776,0
49397,0
2310,0
2592,0
2254,0
2397,0
3949,0
49990,0
65263,0
3704,0
3319,0
2328,0
50052,0
3808,0
2642,0
4909,0
2796,0
49412,0
52575,0
2261,0
3482,0
57714,0
50264,0
3381,0
50229,0
4922,0
49161,0
59122,0
4519,0
57658,0
35393,0
50296,0
50126,0
22337,0
53303,0
2579,0
2503,0
60781,0
6767,0
2444,0
45438,0
1897,0
4081,0
4129,0
50348,0
3128,0
3604,0
49326,0
4905,0
2499,0
50394,0
3835,0
50220,0
2838,0
50249,0
3445,0
50530,0
50160,0
4634,0
59722,0
2556,0
44775,0
3229,0
4048,0
861,0
57964,0
51006,0
4258,0
2746,0
4830,0
2741,0
49544,0
65093,0
55667,0
2421,0
58575,0
41635,0
54864,0
50501,0
2768,0
4292,0
3700,0
4811,0
2942,0
3966,0
4265,0
4368,0
3191,0
50025,0
56437,0
4461,0
1915,0
42929,0
50002,0
49366,0
3606,0
4618,0
50189,0
41747,0
4946,0
50396,0
4310,0
2169,0
49297,0
3804,0
52965,0
2894,0
1902,0
2650,0
4406,0
4928,0
62437,0
2165,0
2061,0
3775,0
2329,0
58018,0
3598,0
4809,0
4692,0
38836,0
2458,0
2004,0
50430,0
2497,0
41207,0
2028,0
49373,0
41583,0
3733,0
4324,0
4686,0
50556,0
50524,0
2936,0
2360,0
41121,0
22517,0
2605,0
4488,0
61175,0
3825,0
2979,0
2823,0
49177,0
2323,0
3068,0
4163,0
2023,0
2044,0
2958,0
50193,0
2288,0
3605,0
58791,0
50110,0
52458,0
4330,0
3203,0
49315,0
60823,0
49279,0
2521,0
43062,0
40764,0
41801,0
50245,0
58748,0
50325,0
4173,0
50375,0
41175,0
3633,0
4829,0
44786,0
50079,0
3479,0
2952,0
2124,0
47472,0
53217,0
3840,0
3432,0
3521,0
3065,0
50269,0
4128,0
2326,0
3862,0
60239,0
2191,0
59085,0
44782,0
49327,0
50082,0
50368,0
3906,0
4801,0
4764,0
52468,0
50117,0
37338,0
50508,0
4960,0
60029,0
54280,0
4893,0
2696,0
49332,0
4525,0
113,0
60222,0
2103,0
3777,0
2928,0
1934,0
3673,0
3427,0
2122,0
50136,0
4903,0
4016,0
2802,0
2174,0
2102,0
2069,0
3619,0
50133,0
55759,0
40806,0
50402,0
50454,0
35604,0
2034,0
4345,0
4075,0
3754,0
25932,0
2344,0
3252,0
52478,0
4117,0
38378,0
50243,0
4799,0
3407,0
2260,0
2354,0
3225,0
1995,0
60276,0
52452,0
59962,0
4318,0
2810,0
4538,0
4296,0
62656,0
17121,0
2299,0
4974,0
50235,0
1868,0
56206,0
55539,0
41195,0
4341,0
4846,0
57397,0
4041,0
2865,0
4451,0
2177,0
60136,0
58113,0
49337,0
50527,0
60776,0
4023,0
3456,0
50314,0
2645,0
3219,0
3172,0
50312,0
3818,0
53541,0
4620,0
2867,0
2303,0
53206,0
2716,0
2665,0
7777,0
2559,0
2734,0
59789,0
49292,0
1880,0
4260,0
4482,0
2492,0
2482,0
50226,0
2161,0
4231,0
2252,0
52467,0
3787,0
3798,0
2603,0
3790,0
49298,0
4025,0
4727,0
60434,0
59721,0
50168,0
54605,0
49362,0
4243,0
41188,0
4696,0
4336,0
3144,0
4670,0
50251,0
50522,0
3372,0
3210,0
4044,0
49986,0
4804,0
49385,0
18849,0
3891,0
61476,0
4510,0
4687,0
4269,0
2065,0
44781,0
57875,0
19477,0
4791,0
57862,0
3624,0
50137,0
3923,0
3789,0
2139,0
2809,0
4122,0
3549,0
50047,0
2794,0
3464,0
3631,0
2893,0
4021,0
3695,0
50196,0
54696,0
2434,0
4770,0
50085,0
3621,0
50109,0
1992,0
2320,0
2513,0
50049,0
50043,0
4151,0
4164,0
3451,0
58019,0
3770,0
44788,0
50218,0
2817,0
2726,0
49342,0
2606,0
4459,0
2629,0
4477,0
50465,0
35971,0
3761,0
3982,0
50057,0
4952,0
3636,0
2617,0
58111,0
49324,0
2015,0
3127,0
3473,0
52513,0
41775,0
3972,0
50358,0
2904,0
780,0
56864,0
17609,0
58143,0
3214,0
50174,0
49310,0
50572,0
1909,0
3864,0
49927,0
50227,0
4267,0
57515,0
3651,0
53344,0
2346,0
2781,0
50495,0
59878,0
3822,0
3778,0
2431,0
2071,0
2430,0
63152,0
2043,0
50540,0
4383,0
49976,0
3506,0
3709,0
60084,0
4276,0
50485,0
3197,0
60028,0
3279,0
53444,0
22192,0
4615,0
41754,0
3667,0
3331,0
3800,0
4486,0
51365,0
57905,0
49985,0
46580,0
4734,0
50407,0
2965,0
50100,0
50143,0
38394,0
4522,0
32792,0
2494,0
50529,0
4941,0
2041,0
1939,0
50244,0
40809,0
41178,0
2137,0
4694,0
4773,0
50400,0
58856,0
1918,0
962,0
740,0
4503,0
3571,0
2933,0
4287,0
49343,0
50151,0
50261,0
3958,0
4200,0
34482,0
51306,0
49173,0
577,0
4102,0
3552,0
2743,0
2447,0
4712,0
1838,0
59727,0
3500,0
3516,0
3953,0
50102,0
3383,0
58780,0
52593,0
3644,0
37928,0
2136,0
50343,0
4743,0
2881,0
2733,0
50219,0
28430,0
4185,0
59373,0
4757,0
49170,0
2147,0
4079,0
3484,0
4881,0
2221,0
3854,0
59986,0
47505,0
1933,0
2500,0
47484,0
4171,0
942,0
42723,0
58935,0
4890,0
4100,0
49929,0
49390,0
3433,0
2662,0
4139,0
50132,0
58017,0
58359,0
49263,0
2518,0
50567,0
49987,0
4087,0
39222,0
50246,0
53542,0
3723,0
39139,0
36647,0
3303,0
49410,0
1961,0
50528,0
60431,0
52531,0
50212,0
3561,0
58337,0
2866,0
49301,0
50282,0
2455,0
4984,0
2420,0
3650,0
1912,0
57795,0
41217,0
2766,0
43088,0
50422,0
4666,0
4302,0
50078,0
3632,0
3946,0
4227,0
50437,0
2468,0
1809,0
3446,0
2751,0
3588,0
2782,0
50393,0
50475,0
4683,0
40967,0
50279,0
4782,0
60496,0
50265,0
4226,0
41184,0
2154,0
3905,0
2710,0
3861,0
4095,0
4766,0
2643,0
59051,0
2286,0
52961,0
9800,0
27108,0
50153,0
54043,0
41204,0
3231,0
50533,0
2325,0
59879,0
2199,0
4091,0
2070,0
40951,0
49739,0
38358,0
2481,0
4555,0
32804,0
4408,0
64319,0
61482,0
3224,0
49312,0
50276,0
43104,0
56865,0
50105,0
3511,0
53125,0
1967,0
3725,0
50164,0
2584,0
37372,0
44779,0
3983,0
2037,0
49311,0
4119,0
3832,0
3794,0
3110,0
4436,0
59277,0
19307,0
58774,0
59375,0
60773,0
4785,0
60777,0
4441,0
2066,0
50561,0
2459,0
49389,0
2104,0
3784,0
2076,0
49946,0
57912,0
50097,0
1996,0
59056,0
3738,0
50071,0
1799,0
50410,0
2246,0
4314,0
49396,0
52684,0
3477,0
3866,0
43234,0
4405,0
3713,0
2759,0
2238,0
50477,0
35153,0
2883,0
54628,0
38310,0
49969,0
64645,0
50205,0
4966,0
59784,0
4254,0
2087,0
50152,0
1940,0
38667,0
4215,0
2411,0
37592,0
65327,0
1990,0
4803,0
59592,0
2591,0
15808,0
2336,0
3944,0
49341,0
43114,0
49275,0
3623,0
2064,0
3880,0
4621,0
2356,0
60821,0
903,0
53785,0
50494,0
4537,0
3263,0
50250,0
50234,0
2144,0
4273,0
3343,0
4812,0
4099,0
1971,0
2576,0
59580,0
43106,0
4938,0
4458,0
41223,0
51388,0
50971,0
3554,0
4798,0
4317,0
2036,0
50425,0
38841,0
3513,0
2957,0
50549,0
4120,0
3313,0
2934,0
50350,0
2803,0
4065,0
2348,0
2496,0
4418,0
2690,0
4107,0
50462,0
50083,0
3833,0
57296,0
5101,0
2745,0
16558,0
2314,0
59836,0
3893,0
49981,0
1907,0
49400,0
54600,0
3488,0
58020,0
50560,0
3332,0
4197,0
59446,0
4546,0
3863,0
50267,0
50431,0
4553,0
2469,0
50571,0
1928,0
2633,0
59057,0
43112,0
4045,0
37947,0
4815,0
49331,0
2930,0
2895,0
44793,0
4971,0
50385,0
2088,0
50121,0
41281,0
49960,0
4772,0
4951,0
60778,0
39239,0
2684,0
50201,0
4765,0
37339,0
4433,0
2648,0
2688,0
4737,0
54366,0
50284,0
56182,0
50493,0
50273,0
4754,0
4817,0
61483,0
862,0
2379,0
58924,0
2812,0
3288,0
49316,0
2077,0
54685,0
49268,0
49421,0
22389,0
49402,0
3184,0
50134,0
3344,0
4088,0
4396,0
2129,0
4649,0
2315,0
52646,0
50162,0
3540,0
49963,0
4288,0
2594,0
1948,0
39183,0
49164,0
2792,0
4983,0
2780,0
4792,0
3769,0
4391,0
49962,0
50531,0
3440,0
3744,0
50283,0
4104,0
3752,0
50042,0
3940,0
3537,0
52098,0
64309,0
2475,0
2016,0
3887,0
47480,0
3708,0
54509,0
40816,0
54281,0
50569,0
1822,0
50142,0
52966,0
61532,0
41221,0
4424,0
4516,0
50074,0
2435,0
1773,0
3629,0
4342,0
4130,0
49937,0
37597,0
49424,0
2944,0
58010,0
4724,0
50248,0
4284,0
34766,0
2433,0
59999,0
59621,0
4834,0
50020,0
22361,0
3827,0
54863,0
3431,0
3240,0
2192,0
51384,0
3182,0
